station_id,lat,lon,state,name
USW00000102,66.9831,-160.4331,AK,BOB BARKER MEMORIAL AP
USW00000103,65.6169,-168.1000,AK,WALES AP
USW00000111,64.3700,-161.2239,AK,SHAKTOOLIK AP
USW00000113,66.8181,-161.0219,AK,ROBERT CURTIS MEMORIAL AP
USW00000130,28.9500,-98.5169,TX,PLEASANTON MUNI AP
USW00000132,44.0331,-89.3000,WI,WAUTOMA MUNI AP
USW00000133,35.6000,-92.4500,AR,CLINTON MUNI AP
USW00000153,37.4000,-77.5169,VA,CHESTERFIELD CO AP
USW00000154,36.7831,-76.4500,VA,HAMPTON ROADS EXECUTIVE AP
USW00000157,40.7500,-106.2669,CO,WALDEN JACKSON COUNTY AP
USW00000160,40.0331,-105.2169,CO,BOULDER MUNI AP
USW00000166,30.5000,-97.9669,TX,LAGO VISTA RUSTY ALLEN AP
USW00000176,32.7169,-98.8919,TX,STEPHENS COUNTY AP
USW00000177,29.8500,-98.8500,TX,CASTROVILLE MUNI AIRPORT
USW00000209,33.6000,-97.7831,TX,BOWIE MUNI AP
USW00000225,30.5331,-98.3669,TX,HORSESHOE BAY RESORT AP
USW00000229,31.1061,-98.1961,TX,LAMPASAS AP
USW00000230,30.3950,-97.5669,TX,AUSTIN EXECUTIVE AP
USW00000263,29.7239,-98.6950,TX,BOERNE STAGE FIELD AP
USW00000270,28.2089,-100.0189,TX,FAITH RCH AP
USW00000349,32.3311,-102.5300,TX,ANDREWS COUNTY AP
USW00000351,30.8789,-96.9711,TX,CAMERON MUNI AP
USW00000357,31.6661,-98.1489,TX,HAMILTON MUNI AP
USW00000362,31.4169,-97.8000,TX,GATESVILLE MUNI AP
USW00000369,33.2861,-117.4561,CA,MCOLF CAMP PENDLETON RED BEACH
USW00000373,33.6169,-92.7669,AR,HARRELL FIELD AP
USW00000393,65.2331,-166.3500,AK,TELLER AP
USW00000428,34.0997,-93.0661,AR,DEXTER B FLORENCE MEM FLD AP
USW00000448,32.9306,-96.4356,TX,RALPH M HALL ROCKWALL MUNI AP
USW00000461,31.6411,-96.5144,TX,MEXIA LIMESTONE COUNTY AP
USW00000471,29.6342,-104.3614,TX,PRESIDIO LELY INTL AP
USW00000477,29.5292,-97.4642,TX,ROGER M DREYER MEM AP
USW00000490,66.8881,-157.1625,AK,SHUNGNAK AP
USW00003012,36.4500,-105.6667,NM,TAOS MUNI AP
USW00003013,38.0717,-102.6875,CO,LAMAR MUNI AP
USW00003016,39.5278,-107.7197,CO,RIFLE GARFIELD CO AP
USW00003017,39.8467,-104.6561,CO,DENVER INTL AP
USW00003024,35.6950,-101.3956,TX,BORGER HUTCHINSON CO AP
USW00003026,39.2414,-102.2819,CO,BURLINGTON CARSON AP
USW00003027,35.0031,-105.6628,NM,CLINES CORNERS
USW00003028,37.2833,-102.6139,CO,SPRINGFIELD COMANCHE NATL GRAS
USW00003029,35.6569,-109.0603,AZ,WINDOW ROCK AP
USW00003030,36.6819,-101.5053,OK,GUYMON MUNI AP
USW00003031,31.9250,-102.3875,TX,ODESSA SCHLEMEYER FLD
USW00003032,30.0481,-102.2128,TX,DRYDEN TERRELL CO AP
USW00003035,32.8525,-104.4675,NM,ARTESIA MUNI AP
USW00003038,39.4667,-106.1500,CO,RED CLIFF PASS
USW00003040,39.2167,-104.6333,CO,MONUMENT PASS
USW00003044,32.2125,-101.5214,TX,BIG SPRING WRINKLE AP
USW00003047,31.6219,-102.8072,TX,MONAHANS 6 ENE
USW00003048,34.3558,-106.8858,NM,SOCORRO 20 N
USW00003049,30.3833,-103.6833,TX,ALPINE CASPARIS AP
USW00003050,32.6933,-100.9506,TX,SNYDER WINSTON FLD AP
USW00003054,33.9558,-102.7739,TX,MULESHOE 19 S
USW00003055,36.5992,-101.5950,OK,GOODWELL 2 E
USW00003056,32.6753,-102.6544,TX,GAINES CO AP
USW00003058,31.3825,-103.5108,TX,PECOS MUNI AP
USW00003060,38.5439,-107.6928,CO,MONTROSE 11 ENE
USW00003061,37.2553,-108.5036,CO,CORTEZ 8 SE
USW00003062,35.8583,-106.5214,NM,LOS ALAMOS 13 W
USW00003063,37.8639,-103.8225,CO,LA JUNTA 17 WSW
USW00003067,38.8700,-100.9628,KS,OAKLEY 19 SSW
USW00003071,32.0364,-102.1011,TX,MIDLAND AIRPARK
USW00003072,32.0408,-100.2494,TX,BRONTE 11 NNE
USW00003074,32.6136,-106.7414,NM,LAS CRUCES 20 N
USW00003102,34.0531,-117.5769,CA,ONTARIO INTL AP
USW00003103,35.1442,-111.6664,AZ,FLAGSTAFF AP
USW00003104,33.6317,-116.1642,CA,DESERT RESORTS RGNL AP
USW00003122,33.8017,-118.3411,CA,TORRANCE AP
USW00003125,32.8356,-114.3942,AZ,YUMA PROVING GROUND
USW00003131,32.8144,-117.1375,CA,SAN DIEGO MONTGOMERY FLD
USW00003144,32.8347,-115.5767,CA,IMPERIAL CO AP
USW00003145,32.6500,-114.6167,AZ,YUMA MCAS
USW00003159,34.7411,-118.2125,CA,LANCASTER
USW00003160,36.6206,-116.0278,NV,DESERT ROCK AP
USW00003162,36.9211,-111.4486,AZ,PAGE MUNI AP
USW00003166,33.8717,-117.9855,CA,FULLERTON MUNI AP
USW00003167,33.9236,-118.3328,CA,HAWTHORNE MUNI AP
USW00003170,39.6014,-116.0056,NV,EUREKA AP
USW00003171,33.9528,-117.4353,CA,RIVERSIDE MUNI AP
USW00003177,33.1300,-117.2764,CA,CARLSBAD MCCLELLAN PALOMAR AP
USW00003178,32.5758,-116.9939,CA,SAN DIEGO BROWN FLD
USW00003179,33.9756,-117.6250,CA,CHINO AP
USW00003184,33.6903,-112.0661,AZ,PHOENIX DEER VALLEY MUNI AP
USW00003185,33.4658,-111.7211,AZ,MESA FALCON FLD
USW00003192,33.6122,-111.9230,AZ,SCOTTSDALE MUNI AP
USW00003195,35.9458,-112.1553,AZ,GRAND CANYON NP AP
USW00003196,31.4208,-110.8467,AZ,NOGALES INTL AP
USW00003728,33.1533,-79.3636,SC,MCCLELLANVILLE 7 NE
USW00003733,39.0131,-79.4742,WV,ELKINS 21 ENE
USW00003739,37.2908,-75.9269,VA,CAPE CHARLES 5 ENE
USW00003757,38.1417,-76.4292,MD,ST INIGOES WEBSTER NOLF
USW00003758,35.9706,-79.0931,NC,DURHAM 11 W
USW00003759,37.9975,-78.4656,VA,CHARLOTTESVILLE 2 SSE
USW00003761,39.8592,-75.7861,PA,AVONDALE 2 N
USW00003802,39.3022,-80.2239,WV,CLARKSBURG BENEDUM AP
USW00003804,39.3394,-81.4439,WV,PARKERSBURG AP
USW00003809,36.0003,-89.4094,TN,DYERSBURG MUNI AP
USW00003810,35.7419,-81.3822,NC,HICKORY FAA AP
USW00003811,35.5933,-88.9169,TN,JACKSON MCKELLAR- SIPES AP
USW00003812,35.4317,-82.5378,NC,ASHEVILLE AP
USW00003813,32.6889,-83.6531,GA,MACON MIDDLE GA RGNL AP
USW00003816,37.0683,-88.7719,KY,PADUCAH
USW00003818,30.8369,-85.1836,FL,MARIANNA MUNI AP
USW00003820,33.3653,-81.9636,GA,AUGUSTA BUSH FLD AP
USW00003822,32.1314,-81.2022,GA,SAVANNAH INTL AP
USW00003841,35.9981,-84.2192,TN,OAK RIDGE ATDD
USW00003847,35.9508,-85.0814,TN,CROSSVILLE MEM AP
USW00003849,37.0894,-84.0689,KY,LONDON CORBIN AP
USW00003850,31.2667,-85.7167,AL,CAIRNS FLD FT RUCKER
USW00003853,30.4000,-81.4167,FL,MAYPORT PILOT STN
USW00003855,30.3500,-87.3167,FL,PENSACOLA FOREST SHERMAN NAS
USW00003856,34.6442,-86.7861,AL,HUNTSVILLE INTNL AP
USW00003859,37.2978,-81.2036,WV,BLUEFIELD MERCER CO AP
USW00003860,38.3653,-82.5547,WV,HUNTINGTON TRI-STATE AP
USW00003866,32.5500,-88.5667,MS,MERIDIAN NAAS
USW00003868,39.4428,-87.3219,IN,TERRE HAUTE HULMAN RGNL AP
USW00003870,34.8833,-82.2197,SC,GREER
USW00003872,37.7836,-81.1228,WV,BECKLEY RALEIGH CO AP
USW00003878,31.8575,-86.0103,AL,TROY MUNI AP
USW00003887,39.8308,-88.8719,IL,DECATUR AP
USW00003888,33.7775,-84.5247,GA,ATLANTA FULTON CO AP
USW00003889,37.5908,-83.3131,KY,JACKSON
USW00003892,32.6161,-85.4333,AL,AUBURN OPELIKA AP
USW00003893,39.1431,-86.6167,IN,BLOOMINGTON MONROE CO AP
USW00003894,36.6169,-87.4117,TN,CLARKSVILLE OUTLAW AP
USW00003896,33.9667,-86.0833,AL,GADSDEN MUNI AP
USW00003901,32.3908,-94.7139,TX,LONGVIEW E TX RGNL AP
USW00003902,31.0667,-97.8333,TX,ROBERT GRAY AAF
USW00003904,30.5911,-96.3631,TX,COLLEGE STN EASTERWOOD FLD
USW00003918,36.2908,-92.5900,AR,FLIPPIN MARION CO RGNL AP
USW00003919,38.7800,-97.6444,KS,SALINA MUNI AP
USW00003927,32.8975,-97.0219,TX,DAL-FTW WSCMO AP
USW00003928,37.6544,-97.4431,KS,WICHITA
USW00003930,34.9167,-92.1500,AR,LITTLE ROCK AFB
USW00003932,35.3567,-99.2042,OK,CLINTON-SHERMAN AP
USW00003933,31.1333,-97.7167,TX,FT HOOD
USW00003935,37.2256,-89.5786,MO,CAPE GIRARDEAU MUNI AP
USW00003936,39.1344,-96.6789,KS,MANHATTAN ASOS
USW00003937,30.1253,-93.2158,LA,LAKE CHARLES
USW00003940,32.3197,-90.0778,MS,JACKSON INTL AP
USW00003945,38.8169,-92.2147,MO,COLUMBIA RGNL AP
USW00003947,39.2975,-94.7308,MO,KANSAS CITY INTL AP
USW00003949,31.3569,-93.1761,LA,PEASON RIDGE RANGE
USW00003950,34.5578,-98.4172,OK,LAWTON MUNI AP
USW00003951,32.3500,-94.6500,TX,LONGVIEW WSMO
USW00003952,34.8364,-92.2622,AR,LITTLE ROCK
USW00003953,35.8356,-90.6442,AR,JONESBORO MUNI AP
USW00003954,35.5411,-97.6472,OK,OKLAHOMA CITY WILEY POST AP
USW00003957,37.2839,-98.5528,KS,MEDICINE LODGE 1E
USW00003959,36.7664,-96.0131,OK,BARTLESVILLE MUNI AP
USW00003960,38.5639,-90.1486,IL,CAHOKIA ST LOUIS DWTN AP
USW00003961,31.6167,-91.2833,MS,NATCHEZ ADAM CO AP
USW00003962,34.4756,-93.1042,AR,HOT SPRINGS ASOS
USW00003963,38.5944,-92.1567,MO,JEFFERSON CITY MEM AP
USW00003965,36.1625,-97.0894,OK,STILLWATER RGNL AP
USW00003966,38.6575,-90.6558,MO,ST LOUIS SPIRIT OF ST LOUIS AP
USW00003967,38.8500,-94.7394,KS,OLATHE JOHNSON CO EXECUTIVE AP
USW00003969,32.2153,-98.1775,TX,STEPHENVILLE CLARK FLD
USW00003971,32.6781,-96.8678,TX,DALLAS REDBIRD AP
USW00003974,37.7497,-97.2192,KS,WICHITA COLONEL JAMES JABARA A
USW00003975,36.7697,-90.3225,MO,POPLAR BLUFF MUNI AP
USW00003978,36.3500,-94.2167,AR,BENTONVILLE MUNI AP
USW00003981,34.3622,-98.9767,OK,ALTUS AFB
USW00003985,32.5650,-97.3081,TX,FORT WORTH SPINKS AP
USW00003991,33.2089,-97.1992,TX,DENTON MUNICPAL AP
USW00003994,38.7119,-93.1747,MO,SEDALIA MEM AP
USW00003996,32.3481,-91.0300,LA,TALLULAH VICKSBURG RGNL AP
USW00003997,39.0078,-95.2114,KS,LAWRENCE ASOS
USW00003998,37.3281,-95.5044,KS,PARSONS TRI CITY AP
USW00003999,30.7406,-98.2353,TX,BURNET MUNI AP
USW00004109,46.1442,-115.5964,ID,LOWELL THREE RIVERS RESORT
USW00004110,42.7272,-114.4547,ID,JEROME CO AP
USW00004111,41.2728,-111.0306,WY,EVANSTON UINTA CO BURNS FLD
USW00004112,44.1708,-114.9269,ID,STANLEY RS
USW00004113,45.8258,-119.2611,OR,HERMISTON MUNI AP
USW00004114,44.5231,-114.2161,ID,CHALLIS AP
USW00004125,44.5561,-119.6458,OR,JOHN DAY 35 WNW
USW00004126,43.4622,-113.5561,ID,ARCO 17 SW
USW00004127,43.2044,-116.7506,ID,MURPHY 10 W
USW00004128,43.4711,-119.6917,OR,RILEY 10 WSW
USW00004130,48.7411,-113.4331,MT,ST. MARY 1 SSW
USW00004131,43.6614,-110.7119,WY,MOOSE 1 NNE
USW00004136,47.4175,-117.5264,WA,SPOKANE 17 SSW
USW00004137,45.1581,-113.0058,MT,DILLON 18 WSW
USW00004138,41.6164,-112.5436,UT,BRIGHAM CITY 28 WNW
USW00004139,41.8483,-119.6358,NV,DENIO 52 WSW
USW00004140,46.8847,-110.2894,MT,LEWISTOWN 42 WSW
USW00004141,43.2717,-124.3186,OR,COOS BAY 8 SW
USW00004201,45.7692,-122.8636,OR,SCAPPOOSE IND AP
USW00004205,48.1606,-122.1589,WA,ARLINGTON MUNI AP
USW00004222,40.6508,-122.6067,CA,REDDING 12 WNW
USW00004223,48.5406,-121.4461,WA,DARRINGTON 21 NNE
USW00004236,44.4186,-123.3258,OR,CORVALLIS 10 SSW
USW00004237,47.5139,-123.8120,WA,QUINAULT 4 NE
USW00004720,42.1500,-79.2500,NY,JAMESTOWN
USW00004724,43.1083,-78.9381,NY,NIAGARA FALLS INTL AP
USW00004725,42.1997,-75.9847,NY,BINGHAMTON
USW00004726,40.3150,-78.8308,PA,JOHNSTOWN CAMBRIA CO AP
USW00004742,44.6500,-73.4667,NY,PLATTSBURGH INTL AP
USW00004751,41.7983,-78.6356,PA,BRADFORD RGNL AP
USW00004780,42.5550,-71.7569,MA,FITCHBURG MUNI AP
USW00004781,40.7939,-73.1019,NY,ISLIP-LI MACARTHUR AP
USW00004787,41.1794,-78.8933,PA,DUBOIS RGNL AP
USW00004789,41.5092,-74.2644,NY,MONTGOMERY ORANGE CO AP
USW00004803,45.6314,-89.4825,WI,RHINELANDER ONEIDA CO AP
USW00004804,40.0783,-83.0783,OH,COLUMBUS OHIO STATE UNIV AP
USW00004808,41.7714,-88.4814,IL,CHICAGO AURORA MUNI AP
USW00004824,44.8500,-87.4167,WI,STURGEON BAY AP
USW00004825,44.2667,-88.5167,WI,APPLETON OUTAGAMIE AP
USW00004826,44.3592,-89.8369,WI,WISCONSIN RAPIDS ALEXANDER FLD
USW00004827,40.1333,-80.2833,PA,WASHINGTON CO AP
USW00004836,47.2853,-68.3072,ME,FRENCHVILLE NTHRN AROOSTOOK AP
USW00004838,42.1208,-87.9047,IL,CHICAGO PALWAUKEE AP
USW00004839,42.7464,-86.0967,MI,HOLLAND TULIP CITY AP
USW00004840,43.7694,-88.4908,WI,FOND DU LAC CO AP
USW00004841,43.7747,-87.8492,WI,SHEBOYGAN CO MEM AP
USW00004842,40.8733,-81.8886,OH,WOOSTER WAYNE CO AP
USW00004843,41.6258,-80.2122,PA,MEADVILLE PORT MEADVILLE AP
USW00004845,42.5953,-87.9383,WI,KENOSHA RGNL AP
USW00004846,41.4536,-86.9981,IN,VALPARAISO PORTER CO MUNI AP
USW00004847,41.8678,-84.0794,MI,ADRIAN LENAWEE CO AP
USW00004848,41.5633,-83.4767,OH,TOLEDO METCALF FLD
USW00004849,41.3464,-82.1789,OH,ELYRIA LORAIN CO AP
USW00004850,40.7081,-84.0214,OH,LIMA ALLEN CO AP
USW00004851,41.3358,-84.4286,OH,DEFIANCE AP
USW00004852,40.4703,-81.4217,OH,NEW PHILA CLEVER FLD
USW00004853,41.5256,-81.6692,OH,CLEVELAND BURKE LAKEFRONT AP
USW00004854,45.0167,-84.6894,MI,GAYLORD OTSEGO CO AP
USW00004855,40.6158,-83.0672,OH,MARION MUNI AP
USW00004857,41.7794,-80.6969,OH,ASHTABULA CO AP
USW00004858,40.0264,-82.4633,OH,NEWARK HEATH AP
USW00004864,45.1542,-89.1106,WI,ANTIGO LANGLADE CO AP
USW00004869,46.2500,-84.4667,MI,CHIPPEWA INTL AP
USW00004891,45.1992,-89.7114,WI,MERRILL MUNI AP
USW00004895,44.5500,-89.5333,WI,STEVENS POINT MUNI AP
USW00004901,40.8931,-97.9972,NE,AURORA MUNI AP
USW00004902,43.6647,-92.9333,MN,AUSTIN MUNI AP
USW00004916,43.2753,-91.7392,IA,DECORAH MUNI AP
USW00004927,43.6767,-92.1797,MN,PRESTONE FILLMORE AP
USW00004935,40.4500,-99.3392,NE,HOLDREGE BREWSTER FLD AP
USW00004955,42.6808,-91.9744,IA,OELWEIN MUNI AP
USW00004956,44.0769,-91.7081,MN,WINONA MUNI AP
USW00004963,43.0192,-91.1236,WI,PRAIRIE DU CHIEN AP
USW00004978,44.0178,-92.8314,MN,DODGE CTR AP
USW00004990,43.7347,-96.6222,SD,SIOUX FALLS 14 NNE
USW00004994,48.3056,-95.8744,MN,GOODRIDGE 12 NNW
USW00004998,40.1492,-97.5867,NE,HEBRON MUNI AP
USW00012812,26.9183,-81.9939,FL,PUNTA GORDA CHARLOTTE CO AP
USW00012815,28.4183,-81.3242,FL,ORLANDO INTL AP
USW00012816,29.6917,-82.2761,FL,GAINESVILLE RGNL AP
USW00012818,28.4739,-82.4536,FL,BROOKSVILLE HERNANDO CO AP
USW00012819,28.8214,-81.8097,FL,LEESBURG MUNI AP
USW00012832,29.7269,-85.0247,FL,APALACHICOLA AP
USW00012834,29.1736,-81.0719,FL,DAYTONA BEACH INTL AP
USW00012835,26.5850,-81.8614,FL,FT MYERS PAGE FLD AP
USW00012836,24.5569,-81.7553,FL,KEY W INTL AP
USW00012838,28.0997,-80.6356,FL,MELBOURNE INTL AP
USW00012839,25.7881,-80.3169,FL,MIAMI INTL AP
USW00012841,28.5467,-81.3356,FL,ORLANDO EXECUTIVE AP
USW00012842,27.9633,-82.5400,FL,TAMPA INTL AP
USW00012843,27.6553,-80.4142,FL,VERO BEACH INTL AP
USW00012844,26.6850,-80.0992,FL,W PALM BEACH INTL AP
USW00012849,26.0789,-80.1622,FL,FT LAUDERDALE INTL AP
USW00012850,24.5833,-81.6833,FL,KEY WEST NAS
USW00012854,28.7794,-81.2436,FL,ORLANDO SANFORD AP
USW00012861,29.1667,-82.2333,FL,OCALA JIM TAYLOR FLD
USW00012871,27.4014,-82.5586,FL,SARASOTA BRADENTON AP
USW00012873,27.9125,-82.6856,FL,ST PETERSBURG CLEARWATER INTL
USW00012876,28.0614,-81.7569,FL,WINTER HAVEN GILBERT AP
USW00012882,25.9103,-80.2828,FL,MIAMI OPA LOCKA AP
USW00012883,28.0000,-82.0500,FL,LAKELAND LINDER RGNL AP
USW00012885,26.1992,-80.1778,FL,FT LAUDERDALE EXECUTIVE AP
USW00012888,25.6422,-80.4347,FL,MIAMI KENDALL TAMIAMI EXEC AP
USW00012894,26.5381,-81.7567,FL,FT MYERS SW FLORIDA RGNL AP
USW00012895,27.4981,-80.3764,FL,FT PIERCE ST LUCIE CO INTL AP
USW00012896,24.7261,-81.0478,FL,MARATHON AP
USW00012897,26.1550,-81.7753,FL,NAPLES MUNI AP
USW00012904,26.2303,-97.6556,TX,HARLINGEN RIO GRANDE VLY INTL
USW00012907,27.5333,-99.4667,TX,LAREDO INTL AP
USW00012909,29.3833,-98.5833,TX,SAN ANTONIO KELLY AFB
USW00012911,29.5325,-98.2622,TX,RANDOLPH AFB
USW00012912,28.8625,-96.9300,TX,VICTORIA RGNL AP
USW00012916,29.9975,-90.2778,LA,NEW ORLEANS AP
USW00012917,29.9519,-94.0261,TX,PORT ARTHUR SE TX RGNL AP
USW00012918,29.6458,-95.2822,TX,HOUSTON WILLIAM P HOBBY AP
USW00012919,25.9161,-97.4189,TX,BROWNSVILLE
USW00012921,29.5442,-98.4839,TX,SAN ANTONIO INTL AP
USW00012923,29.2703,-94.8642,TX,GALVESTON SCHOLES FLD
USW00012924,27.7839,-97.5114,TX,CORPUS CHRISTI
USW00012926,27.6878,-97.2917,TX,CORPUS CHRISTI NAS
USW00012928,27.5089,-97.8042,TX,KINGSVILLE NAAS
USW00012930,29.9167,-90.1303,LA,NEW ORLEANS AUDUBON
USW00012932,27.7414,-98.0250,TX,ALICE INTL AP
USW00012935,28.7247,-96.2536,TX,PALACIOS MUNI AP
USW00012947,28.4586,-99.2228,TX,COTULLA LA SALLE CO AP
USW00012953,29.2661,-96.0075,TX,WHARTON RGNL AP
USW00012957,26.1597,-97.3378,TX,PORT ISABEL CAMERON CO AP
USW00012959,26.1792,-98.2444,TX,MCALLEN MILLER INTL AP
USW00012960,29.9844,-95.3608,TX,HOUSTON INTERCONTINENTAL AP
USW00012961,29.9833,-99.0833,TX,KERRVILLE MUNI AP
USW00012962,29.3600,-99.1742,TX,HONDO MUNI AP
USW00012970,29.3389,-98.4719,TX,SAN ANTONIO STINSON MUNI AP
USW00012971,29.7042,-98.0286,TX,AUSTIN SAN ANTONIO
USW00012972,28.0836,-97.0467,TX,ROCKPORT ARANSAS CO AP
USW00012975,29.5192,-95.2422,TX,HOUSTON CLOVER FLD
USW00012976,29.1153,-95.4633,TX,ANGLETON LK JACKSON BRAZORIA C
USW00012977,29.6197,-95.6575,TX,HOUSTON SUGARLAND MEM
USW00012978,29.9078,-96.9500,TX,FAYETTE RGNL AP
USW00012979,29.8908,-97.8644,TX,SAN MARCOS MUNI AP
USW00012981,28.9731,-95.8633,TX,BAY CITY MUNI AP
USW00012985,29.2114,-99.7436,TX,GARNER FLD AP
USW00012987,26.5258,-98.0633,TX,EDINBURG 17 NNE
USW00013301,39.8667,-93.1469,MO,CHILLICOTHE 22 ENE
USW00013701,39.4717,-76.1697,MD,ABERDEEN PHILLIPS FLD
USW00013717,33.6833,-78.9333,SC,MYRTLE BEACH AFB
USW00013721,38.3000,-76.4167,MD,PATUXENT RIVER NAS
USW00013722,35.8922,-78.7819,NC,RALEIGH AP
USW00013723,36.0969,-79.9431,NC,GREENSBORO AP
USW00013724,39.3778,-74.4236,NJ,ATLANTIC CITY MARINA
USW00013728,36.5728,-79.3350,VA,DANVILLE RGNL AP
USW00013729,38.8900,-79.8556,WV,ELKINS- RANDOLPH CO AP
USW00013733,37.3214,-79.2064,VA,LYNCHBURG RGNL AP
USW00013734,39.4039,-77.9750,WV,MARTINSBURG E W VIRGINIA RGNL
USW00013735,39.3661,-75.0778,NJ,MILLVILLE MUNI AP
USW00013736,39.6497,-79.9206,WV,MORGANTOWN MUNI AP
USW00013737,36.9036,-76.1928,VA,NORFOLK INTL AP
USW00013739,39.8733,-75.2269,PA,PHILA INTL AP
USW00013740,37.5117,-77.3233,VA,RICHMOND INTL AP
USW00013741,37.3172,-79.9736,VA,ROANOKE-BLACKSBURG RGNL AP
USW00013743,38.8472,-77.0344,VA,WASHINGTON REAGAN NATL AP
USW00013744,34.1878,-79.7308,SC,FLORENCE RGNL AP
USW00013748,34.2667,-77.9000,NC,WILMINGTON INTL AP
USW00013750,36.9375,-76.2892,VA,NORFOLK NAS
USW00013752,38.9914,-76.4892,MD,ANNAPOLIS US NAVAL ACADEMY ASO
USW00013754,34.9000,-76.8833,NC,CHERRY POINT MCAS
USW00013762,36.7008,-76.1294,VA,FENTRESS NAVAL AUX FLD
USW00013764,38.6897,-75.3625,DE,GEORGETOWN-DELAWARE COASTAL AP
USW00013766,35.9172,-75.7000,NC,MANTEO AP
USW00013769,36.8167,-76.0333,VA,OCEANA NAS
USW00013773,38.5036,-77.3050,VA,QUANTICO MCAS
USW00013776,34.6081,-79.0589,NC,LUMBERTON RGNL AP
USW00013781,39.6744,-75.6056,DE,WILMINGTON NEW CASTLE CO AP
USW00013782,32.7750,-79.9239,SC,DWTN CHARLESTON
USW00013786,36.2578,-76.1717,NC,ELIZABETH CITY CGAS
USW00013802,38.5200,-89.8467,IL,BELLEVILLE SIU RSCH
USW00013809,38.7606,-87.5989,IL,LAWRENCEVILLE VINCENNES INTL A
USW00013810,38.2303,-85.6631,KY,LOUISVILLE BOWMAN FLD
USW00013833,31.2694,-89.2561,MS,HATTIESBURG CHAIN MUNI AP
USW00013837,33.4667,-82.0383,GA,AUGUSTA DANIEL FLD AP
USW00013838,30.6147,-88.0631,AL,MOBILE DWTN AP
USW00013839,31.3178,-85.4433,AL,DOTHAN RGNL AP
USW00013841,39.4206,-83.8214,OH,CINCINNATI
USW00013857,30.9667,-83.2000,GA,VALDOSTA MOODY AFB
USW00013865,32.3347,-88.7508,MS,MERIDIAN KEY FLD
USW00013866,38.3794,-81.5911,WV,CHARLESTON - YEAGER AP
USW00013867,39.2811,-81.5572,WV,PARKERSBURG
USW00013869,31.5364,-84.1958,GA,ALBANY SW GEORGIA RGNL AP
USW00013870,31.5400,-82.5072,GA,ALMA BACON CO AP
USW00013871,33.5906,-85.8478,AL,ANNISTON METRO AP
USW00013872,35.5953,-82.5567,NC,ASHEVILLE
USW00013873,33.9478,-83.3272,GA,ATHENS BEN EPPS AP
USW00013874,33.6297,-84.4422,GA,ATLANTA HARTSFIELD-JACKSON INT
USW00013876,33.5656,-86.7450,AL,BIRMINGHAM AP
USW00013877,36.4797,-82.3989,TN,BRISTOL AP
USW00013880,32.8994,-80.0408,SC,CHARLESTON INTL AP
USW00013881,35.2225,-80.9544,NC,CHARLOTTE DOUGLAS AP
USW00013882,35.0336,-85.2003,TN,CHATTANOOGA AP
USW00013883,33.9486,-81.1183,SC,COLUMBIA
USW00013884,30.7772,-86.5194,FL,CRESTVIEW FAA/AP
USW00013886,34.8486,-82.3500,SC,GREENVILLE DWTN AP
USW00013889,30.4847,-81.7019,FL,JACKSONVILLE
USW00013891,35.8181,-83.9858,TN,KNOXVILLE AP
USW00013893,35.0564,-89.9864,TN,MEMPHIS INTL AP
USW00013894,30.6794,-88.2400,AL,MOBILE
USW00013895,32.2997,-86.4075,AL,MONTGOMERY AP
USW00013896,34.7439,-87.5997,AL,MUSCLE SHOALS AP
USW00013897,36.1106,-86.6881,TN,NASHVILLE INTL AP
USW00013899,30.4761,-87.1858,FL,PENSACOLA RGNL AP
USW00013904,30.1831,-97.6800,TX,AUSTIN BERGSTROM INTL AP
USW00013911,32.7667,-97.4500,TX,FT WORTH NAS
USW00013920,38.9414,-95.6514,KS,TOPEKA FORBES FLD
USW00013925,34.6003,-91.5744,AR,STUTTGART MUNI AP
USW00013926,33.0678,-96.0653,TX,GREENVILLE MUNI AP MAJORS FLD
USW00013927,32.3375,-90.2214,MS,JACKSON HAWKINS FLD
USW00013932,37.1650,-97.0350,KS,WINFIELD STROTHER FLD AP
USW00013935,31.3964,-92.2828,LA,ALEXANDRIA ESLER FLD
USW00013939,33.4939,-90.9806,MS,GREENVILLE ASOS
USW00013940,38.3500,-98.8667,KS,GREAT BEND MUNI AP
USW00013942,32.5156,-92.0300,LA,MONROE RGNL AP
USW00013957,32.4508,-93.8414,LA,SHREVEPORT
USW00013958,30.3208,-97.7603,TX,AUSTIN-CAMP MABRY
USW00013959,31.6181,-97.2283,TX,WACO RGNL AP
USW00013960,32.8383,-96.8358,TX,DALLAS FAA AP
USW00013961,32.8247,-97.3642,TX,FT WORTH MEACHAM FLD
USW00013962,32.4106,-99.6819,TX,ABILENE RGNL AP
USW00013963,34.7272,-92.2358,AR,LITTLE ROCK AP ADAMS FLD
USW00013964,35.3333,-94.3653,AR,FT SMITH RGNL AP
USW00013966,33.9786,-98.4930,TX,WICHITA FALLS MUNI AP
USW00013967,35.3883,-97.6003,OK,OKLAHOMA CY WILL ROGERS WORLD
USW00013968,36.1986,-95.8783,OK,TULSA INTL AP
USW00013969,36.7369,-97.1022,OK,PONCA CITY MUNI AP
USW00013970,30.5378,-91.1469,LA,BATON ROUGE METRO AP
USW00013971,36.2672,-93.1567,AR,HARRISON BOONE CO AP
USW00013972,32.3586,-95.4039,TX,TYLER POUNDS FLD
USW00013973,30.5106,-99.7664,TX,JUNCTION KIMBLE CO AP
USW00013975,36.2967,-99.7686,OK,GAGE AP
USW00013976,30.1986,-91.9894,LA,LAFAYETTE RGNL AP
USW00013977,33.4561,-93.9878,AR,TEXARKANA WEBB FLD
USW00013978,33.4961,-90.0894,MS,GREENWOOD LEFLORE AP
USW00013980,37.1550,-98.0283,KS,ANTHONY
USW00013981,37.6706,-95.4847,KS,CHANUTE MARTIN JOHNSON AP
USW00013984,39.5514,-97.6508,KS,CONCORDIA ASOS
USW00013985,37.7608,-99.9689,KS,DODGE CITY
USW00013986,38.0683,-97.8608,KS,HUTCHINSON MUNI AP
USW00013987,37.1522,-94.4953,MO,JOPLIN RGNL AP
USW00013988,39.1278,-94.5892,MO,KANSAS CITY DWTN AP
USW00013989,38.3292,-96.1944,KS,EMPORIA ASOS
USW00013991,39.1342,-93.2225,MO,MARSHALL
USW00013993,39.7683,-94.9094,MO,ST JOSEPH ROSECRANS MEM AP
USW00013994,38.7525,-90.3733,MO,ST LOUIS LAMBERT INTL AP
USW00013995,37.2353,-93.4006,MO,SPRINGFIELD
USW00013996,39.0725,-95.6261,KS,TOPEKA ASOS
USW00013997,38.1317,-91.7647,MO,VICHY ROLLA NATL AP
USW00014604,46.6833,-68.0500,ME,PRESQUE ISLE AP
USW00014605,44.3161,-69.7969,ME,AUGUSTA STATE AP
USW00014606,44.7978,-68.8186,ME,BANGOR INTL AP
USW00014607,46.8706,-68.0172,ME,CARIBOU WFO
USW00014609,46.1183,-67.7928,ME,HOULTON AP
USW00014610,45.6478,-68.6925,ME,MILLINOCKET MUNI AP
USW00014615,44.5333,-69.6667,ME,WATERVILLE LEFLEUR AP
USW00014702,42.4681,-71.2947,MA,BEDFORD HANSCOM FLD
USW00014707,41.3281,-72.0489,CT,GROTON NEW LONDON AP
USW00014710,42.9297,-71.4356,NH,MANCHESTER AP
USW00014711,40.1961,-76.7725,PA,MIDDLETOWN HARRISBURG INTL AP
USW00014712,40.3733,-75.9592,PA,READING RGNL AP
USW00014719,40.8506,-72.6192,NY,WESTHAMPTON GABRESKI AP
USW00014732,40.7794,-73.8803,NY,LAGUARDIA AP
USW00014733,42.9489,-78.7367,NY,BUFFALO
USW00014734,40.6828,-74.1692,NJ,NEWARK LIBERTY INTL AP
USW00014735,42.7472,-73.7992,NY,ALBANY INTL AP
USW00014736,40.3000,-78.3167,PA,ALTOONA BLAIR CO AP
USW00014737,40.6497,-75.4478,PA,ALLENTOWN LEHIGH VLY INTL AP
USW00014739,42.3606,-71.0097,MA,BOSTON
USW00014740,41.9375,-72.6819,CT,HARTFORD-BRADLEY INTL AP
USW00014742,44.4683,-73.1500,VT,BURLINGTON INTL AP
USW00014745,43.2050,-71.5025,NH,CONCORD ASOS
USW00014747,42.4933,-79.2761,NY,DUNKIRK CHAUTAUQUA CO AP
USW00014748,42.1567,-76.9028,NY,ELMIRA CORNING RGNL AP
USW00014750,43.3386,-73.6103,NY,GLENS FALLS AP
USW00014751,40.2183,-76.8553,PA,HARRISBURG CAPITAL CITY AP
USW00014752,41.7353,-72.6511,CT,HARTFORD BRAINARD FLD
USW00014753,42.2122,-71.1136,MA,BLUE HILL LCD
USW00014755,44.2703,-71.3033,NH,MT WASHINGTON
USW00014756,41.2542,-70.0589,MA,NANTUCKET MEM AP
USW00014757,41.6258,-73.8817,NY,POUGHKEEPSIE AP
USW00014758,41.2589,-72.8892,CT,NEW HAVEN TWEED AP
USW00014762,40.3550,-79.9214,PA,PITTSBURGH ALLEGHENY CO AP
USW00014763,42.4269,-73.2892,MA,PITTSFIELD MUNI AP
USW00014764,43.6425,-70.3045,ME,PORTLAND JETPORT
USW00014765,41.7225,-71.4325,RI,PROVIDENCE
USW00014768,43.1172,-77.6753,NY,ROCHESTER GTR INTL
USW00014770,40.8192,-76.8658,PA,SELINSGROVE PENN VALLEY AP
USW00014771,43.1111,-76.1039,NY,SYRACUSE HANCOCK INTL AP
USW00014775,42.1600,-72.7125,MA,WESTFIELD BARNES MUNI AP
USW00014777,41.3336,-75.7228,PA,WILKES-BARRE/SCRANTON INTL AP
USW00014778,41.2431,-76.9217,PA,WILLIAMSPORT RGNL AP
USW00014787,41.5300,-71.2833,RI,NEWPORT STATE AP
USW00014792,40.2769,-74.8158,NJ,TRENTON-MERCER AP
USW00014794,41.3508,-71.8056,RI,WESTERLY STATE AP
USW00014804,42.6083,-82.8183,MI,MT CLEMENS ANG BASE
USW00014813,41.0372,-81.4633,OH,AKRON FULTON INTL AP
USW00014814,45.0606,-83.4281,MI,ALPENA WWTP
USW00014815,42.3119,-85.2414,MI,BATTLE CREEK KELLOGG AP
USW00014817,44.2656,-85.3967,MI,CADILLAC
USW00014819,41.7842,-87.7553,IL,CHICAGO MIDWAY AP
USW00014820,41.4133,-81.8600,OH,CLEVELAND
USW00014821,39.9906,-82.8769,OH,JOHN GLENN INTL AP
USW00014822,42.4072,-83.0089,MI,DETROIT CITY AP
USW00014825,41.0136,-83.6681,OH,FINDLAY AP
USW00014826,42.9669,-83.7500,MI,FLINT FCWOS
USW00014827,40.9725,-85.2064,IN,FT WAYNE INTL AP
USW00014828,43.9758,-84.4908,MI,GLADWIN
USW00014829,41.5264,-85.7872,IN,GOSHEN MUNI AP
USW00014833,42.2636,-84.4564,MI,JACKSON REYNOLDS FLD
USW00014834,41.5500,-88.0833,IL,JOLIET
USW00014835,40.4122,-86.9475,IN,LAFAYETTE PURDUE UNIV AP
USW00014836,42.7761,-84.5997,MI,LANSING CAPITAL CITY AP
USW00014837,43.1406,-89.3453,WI,MADISON DANE CO RGNL AP
USW00014838,46.5458,-87.3794,MI,MARQUETTE
USW00014839,42.9550,-87.9044,WI,MILWAUKEE MITCHELL AP
USW00014840,43.1711,-86.2369,MI,MUSKEGON CO AP
USW00014841,45.5644,-84.7928,MI,PELLSTON RGNL AP
USW00014842,40.6675,-89.6842,IL,GENERAL WAYNE A DOWNING INTL A
USW00014845,43.5281,-84.0814,MI,SAGINAW MBS INTL AP
USW00014846,41.4500,-82.7167,OH,SANDUSKY
USW00014847,46.4800,-84.3581,MI,SAULT STE MARIE SANDERSON FLD
USW00014848,41.7072,-86.3164,IN,S BEND AP
USW00014849,41.5667,-83.4667,OH,TOLEDO WB AP
USW00014850,44.7389,-85.5678,MI,TRAVERSE CY CHERRY CAPITAL AP
USW00014852,41.2547,-80.6736,OH,YOUNGSTOWN-WARREN RGNL AP
USW00014853,42.2367,-83.5264,MI,DETROIT WILLOW RUN AP
USW00014858,47.1658,-88.4808,MI,HANCOCK HOUGHTON CO AP
USW00014860,42.0803,-80.1822,PA,ERIE INTL AP
USW00014880,42.4256,-87.8633,IL,CHICAGO WAUKEGAN RGNL AP
USW00014891,40.8203,-82.5178,OH,MANSFIELD LAHM RGNL AP
USW00014894,40.1700,-80.6442,WV,WHEELING OHIO CO AP
USW00014895,40.9181,-81.4433,OH,AKRON CANTON AP
USW00014897,44.9275,-89.6253,WI,WAUSAU ASOS
USW00014898,44.4986,-88.1111,WI,GREEN BAY
USW00014905,40.7333,-99.0000,NE,KEARNEY MUNI AP
USW00014910,45.8681,-95.3939,MN,ALEXANDRIA CHANDLER FLD
USW00014913,46.8369,-92.2097,MN,DULUTH
USW00014914,46.9242,-96.8120,ND,FARGO HECTOR INTL AP
USW00014916,47.9428,-97.1831,ND,GRAND FORKS INTL AP
USW00014918,48.5594,-93.3956,MN,INTL FALLS INTL AP
USW00014919,46.9258,-98.6703,ND,JAMESTOWN MUNI AP
USW00014920,43.8792,-91.2531,WI,LA CROSSE MUNI AP
USW00014921,43.2111,-90.1875,WI,LONE ROCK TRI CO AP
USW00014922,44.8853,-93.2314,MN,MINNEAPOLIS-ST PAUL INTL AP
USW00014923,41.4481,-90.5236,IL,MOLINE QUAD CITY INTL AP
USW00014924,48.9711,-97.2417,ND,PEMBINA
USW00014925,43.9039,-92.4919,MN,ROCHESTER INTL AP
USW00014926,45.5442,-94.0517,MN,ST CLOUD RGNL AP
USW00014927,44.9322,-93.0558,MN,ST PAUL DWTN AP
USW00014929,45.4558,-98.4133,SD,ABERDEEN
USW00014930,41.4500,-95.0667,IA,ATLANTIC CAA AP
USW00014931,40.7728,-91.1256,IA,BURLINGTON MUNI AP
USW00014933,41.5339,-93.6531,IA,DES MOINES INTL AP
USW00014935,40.9614,-98.3131,NE,GRAND IS CNTRL NE RGNL AP
USW00014936,44.3792,-98.2228,SD,HURON RGNL AP
USW00014937,41.6394,-91.5444,IA,IOWA CITY MUNI AP
USW00014938,40.0967,-92.5469,MO,KIRKSVILLE RGNL AP
USW00014939,40.8478,-96.7647,NE,LINCOLN AP
USW00014940,43.1544,-93.3261,IA,MASON CITY MUNI AP
USW00014941,41.9800,-97.4336,NE,NORFOLK KARL STEFAN MEM AP
USW00014942,41.3119,-95.9019,NE,OMAHA EPPLEY AIRFIELD
USW00014943,42.3917,-96.3794,IA,SIOUX CITY AP
USW00014944,43.5878,-96.7294,SD,SIOUX FALLS
USW00014946,44.9044,-97.1494,SD,WATERTOWN RGNL AP
USW00014950,41.1008,-92.4444,IA,OTTUMWA IND AP
USW00014954,44.2167,-93.9167,MN,MANKATO MUNI AP
USW00014966,43.0725,-92.6108,IA,NE IOWA RGNL AP
USW00014972,43.1683,-95.2100,IA,SPENCER MUNI AP
USW00014989,40.8942,-97.6258,NE,YORK
USW00014990,41.8831,-91.7247,IA,CEDAR RAPIDS MUNI AP
USW00014991,44.8667,-91.4881,WI,CHIPPEWA VALLEY RGNL AP
USW00014992,44.5483,-95.0806,MN,REDWOOD FALLS MUNI AP
USW00014993,40.6500,-94.0000,IA,LAMONI
USW00014994,40.7886,-99.7708,NE,LEXINGTON KELLY FLD
USW00014995,45.7728,-92.6886,WI,GRANTSBURG
USW00021504,19.7192,-155.0489,HI,HILO INTL AP 87
USW00021510,19.7378,-156.0481,HI,KAILUA KONA KE-AHOLE AP
USW00021514,19.5353,-155.5761,HI,MAUNA LOA 5 NNE
USW00021515,19.6450,-155.0828,HI,HILO 5 S
USW00022001,29.3667,-100.7833,TX,DEL RIO LAUGHLIN AFB
USW00022010,29.3783,-100.9269,TX,DEL RIO INTL AP
USW00022016,29.3483,-103.2092,TX,PANTHER JUNCTION 2 N
USW00022516,20.8886,-156.4344,HI,KAHULUI AP
USW00022519,21.4506,-157.7681,HI,KANEOHE BAY MCAS
USW00022521,21.3239,-157.9394,HI,HONOLULU INTL AP
USW00022534,21.1544,-157.0961,HI,MOLOKAI KAUNAKAKAI MOLOKAI AP
USW00022536,21.9806,-159.3386,HI,LIHUE WSO AP 1020.1
USW00022551,21.3056,-158.0658,HI,EWA KALAELOA AP
USW00023007,34.4275,-100.2839,TX,CHILDRESS MUNI AP
USW00023009,33.3072,-104.5081,NM,ROSWELL IND AIR PK
USW00023020,37.0500,-100.9667,KS,LIBERAL MUNI AP
USW00023023,31.9433,-102.1892,TX,MIDLAND ODESSA
USW00023034,31.3714,-100.4925,TX,SAN ANGELO
USW00023040,31.7800,-103.2017,TX,WINK FAA AP
USW00023042,33.6542,-101.8142,TX,LUBBOCK
USW00023044,31.8122,-106.3775,TX,EL PASO INTL AP
USW00023047,35.2333,-101.7092,TX,AMARILLO
USW00023048,35.1806,-103.6014,NM,TUCUMCARI MUNI AP
USW00023049,35.6108,-106.0958,NM,SANTA FE CO MUNI AP
USW00023050,35.0419,-106.6156,NM,ALBUQUERQUE INTL AP
USW00023051,36.4483,-103.1536,NM,CLAYTON MUNI AIR PK
USW00023052,36.7417,-104.5078,NM,RATON MUNI CREWS FLD AP
USW00023054,35.6558,-105.1386,NM,LAS VEGAS MUNI AP
USW00023061,37.4394,-105.8617,CO,ALAMOSA-BERGMAN FLD
USW00023062,39.7633,-104.8694,CO,DENVER-STAPLETON
USW00023064,37.9219,-100.7242,KS,GARDEN CITY RGNL AP
USW00023065,39.3669,-101.7003,KS,GOODLAND
USW00023066,39.1344,-108.5408,CO,GRAND JUNCTION WALKER FLD
USW00023067,38.0494,-103.5133,CO,LA JUNTA MUNI AP
USW00023070,37.2622,-104.3319,CO,TRINIDAD AP
USW00023077,34.4333,-103.0833,NM,CLOVIS MUNICIPAL AP
USW00023078,32.2592,-107.7206,NM,DEMING MUNI AP
USW00023081,35.5086,-108.7931,NM,GALLUP MUNI AP
USW00023090,36.7436,-108.2294,NM,FARMINGTON FOUR CORNERS RGNL A
USW00023091,30.9119,-102.9172,TX,FT STOCKTON PECOS CO AP
USW00023110,36.3333,-119.9500,CA,LEMOORE REEVES NAS
USW00023119,33.9000,-117.2500,CA,MARCH AFB
USW00023129,33.8117,-118.1472,CA,LONG BEACH DAUGHERTY AP
USW00023130,34.2122,-118.4914,CA,VAN NUYS AP
USW00023136,34.2114,-119.0875,CA,CAMARILLO AP
USW00023152,34.1997,-118.3656,CA,BURBANK GLENDALE PASADENA AP
USW00023153,38.0506,-117.0906,NV,TONOPAH AP
USW00023154,39.2953,-114.8467,NV,ELY AP
USW00023155,35.4342,-119.0553,CA,BAKERSFIELD AP
USW00023157,37.3711,-118.3589,CA,BISHOP AP
USW00023158,33.6189,-114.7144,CA,BLYTHE ASOS
USW00023159,37.7014,-112.1489,UT,BRYCE CANYON AP
USW00023160,32.1317,-110.9564,AZ,TUCSON INTL AP
USW00023161,34.8536,-116.7869,CA,BARSTOW-DAGGETT AP
USW00023162,39.3375,-112.5858,UT,DELTA
USW00023169,36.0719,-115.1633,NV,MCCARRAN INTL AP
USW00023170,38.3706,-110.7153,UT,HANKSVILLE
USW00023174,33.9381,-118.3867,CA,LOS ANGELES INTL AP
USW00023176,38.4225,-113.0108,UT,MILFORD MUNI AP
USW00023179,34.7678,-114.6183,CA,NEEDLES AP
USW00023182,34.6294,-118.0831,CA,PALMDALE AP
USW00023183,33.4278,-112.0036,AZ,PHOENIX AP
USW00023184,34.6492,-112.4222,AZ,PRESCOTT LOVE FLD
USW00023185,39.5078,-119.7683,NV,RENO AP
USW00023186,37.1000,-113.6000,UT,ST GEORGE MUNI AP
USW00023187,34.7436,-118.7253,CA,SANDBERG
USW00023188,32.7336,-117.1831,CA,SAN DIEGO INTL AP
USW00023190,34.4242,-119.8425,CA,SANTA BARBARA MUNI AP
USW00023191,33.4042,-118.4144,CA,AVALON CATALINA AP
USW00023194,35.0281,-110.7219,AZ,WINSLOW AP
USW00023199,32.8325,-115.6639,CA,EL CENTRO NAF
USW00023202,38.2667,-121.9333,CA,TRAVIS AFB
USW00023213,38.5036,-122.8111,CA,SANTA ROSA SONOMA CO AP
USW00023225,39.2761,-120.7092,CA,BLUE CANYON NYACK AP
USW00023230,37.7178,-122.2331,CA,OAKLAND INTL AP
USW00023232,38.5067,-121.4961,CA,SACRAMENTO AP ASOS
USW00023233,36.6636,-121.6092,CA,SALINAS AP
USW00023234,37.6197,-122.3656,CA,SAN FRANCISCO INTL AP
USW00023237,37.8900,-121.2264,CA,STOCKTON AP
USW00023243,34.6667,-120.4667,CA,LOMPOC AP
USW00023254,37.9917,-122.0528,CA,CONCORD BUCHANAN FLD
USW00023257,37.2858,-120.5178,CA,MERCED MUNI AP
USW00023258,37.6256,-120.9550,CA,MODESTO AP
USW00023259,36.5903,-121.8489,CA,MONTEREY PENINSUL AP
USW00023271,38.5553,-121.4183,CA,SACRAMENTO 5 ESE
USW00023272,37.7706,-122.4269,CA,SAN FRANCISCO DWTN
USW00023273,34.8942,-120.4522,CA,SANTA MARIA PUBLIC AP
USW00023275,39.1278,-123.2003,CA,UKIAH MUNI AP
USW00023277,36.9394,-121.7900,CA,WATSONVILLE MUNI AP
USW00023285,37.6931,-121.8150,CA,LIVERMORE MUNI AP
USW00023293,37.3594,-121.9244,CA,SAN JOSE
USW00023583,59.2839,-158.6145,AK,ALEKNAGIK 1 NNE
USW00023801,31.7900,-86.0003,AL,TROY 2 W
USW00023802,31.8814,-87.7367,AL,THOMASVILLE 2 S
USW00023803,34.8222,-89.4347,MS,HOLLY SPRINGS 4 N
USW00023904,35.8200,-91.7811,AR,BATESVILLE 8 WNW
USW00023906,28.3044,-96.8231,TX,PORT ARANSAS 32 NNE
USW00023907,30.6222,-98.0847,TX,AUSTIN 33 NW
USW00023908,37.4278,-94.5828,MO,JOPLIN 24 N
USW00023909,37.6344,-91.7225,MO,SALEM 10 W
USW00024011,46.7708,-100.7606,ND,BISMARCK
USW00024012,46.7997,-102.7972,ND,DICKINSON THEODORE ROOSEVELT R
USW00024013,48.2519,-101.2689,ND,MINOT INTL AP
USW00024015,40.1744,-103.2147,CO,AKRON WASHINGTON CO AP
USW00024017,42.8372,-103.0981,NE,CHADRON MUNI AP
USW00024018,41.1519,-104.8061,WY,CHEYENNE
USW00024020,40.5233,-101.0344,NE,HAYES CENTER 1NW
USW00024021,42.8153,-108.7261,WY,LANDER AP
USW00024022,41.3164,-105.6728,WY,LARAMIE AP
USW00024023,41.1219,-100.6689,NE,N PLATTE RGNL AP
USW00024024,44.0511,-101.6014,SD,PHILIP AP
USW00024025,44.3819,-100.2864,SD,PIERRE RGNL AP
USW00024027,41.5947,-109.0528,WY,ROCK SPRINGS AP
USW00024028,41.8747,-103.6011,NE,SCOTTSBLUFF W B HEILIG FLD AP
USW00024029,44.7603,-106.9742,WY,SHERIDAN AP
USW00024030,41.0992,-102.9864,NE,SIDNEY MUNI AP
USW00024032,42.8586,-100.5514,NE,VALENTINE MILLER FLD AP
USW00024033,45.8072,-108.5461,MT,BILLINGS INTL AP
USW00024036,47.0544,-109.4567,MT,LEWISTOWN AP
USW00024037,46.4264,-105.8833,MT,MILES CITY AP
USW00024044,42.0572,-102.8017,NE,ALLIANCE MUNI AP ASOS
USW00024045,44.5167,-109.0167,WY,CODY MUNICIPAL AP
USW00024046,40.4931,-107.5239,CO,CRAIG MOFFAT CO AP
USW00024048,44.5172,-108.0753,WY,GREYBULL S BIG HORN CO AP
USW00024051,40.4356,-104.6319,CO,GREELEY WELD CO AP
USW00024057,41.8064,-107.1953,WY,RAWLINS AP
USW00024061,43.0661,-108.4772,WY,RIVERTON
USW00024062,43.9653,-107.9503,WY,WORLAND MUNI AP
USW00024088,44.2169,-104.9292,WY,MOORCROFT 3S
USW00024089,42.8978,-106.4736,WY,CASPER-NATRONA CO AP
USW00024090,44.0458,-103.0545,SD,RAPID CITY RGNL AP
USW00024091,40.5106,-101.6244,NE,IMPERIAL MUNI AP
USW00024106,43.0500,-115.8667,ID,MTN HOME AFB
USW00024110,47.1931,-119.3147,WA,MOSES LAKE GRANT CO AP
USW00024112,47.5167,-111.1833,MT,MALMSTROM AFB
USW00024121,40.8239,-115.7864,NV,ELKO RGNL AP
USW00024126,41.1942,-112.0169,UT,OGDEN HINKLEY AP
USW00024127,40.7706,-111.9650,UT,SALT LAKE CITY INTL AP
USW00024128,40.9017,-117.8081,NV,WINNEMUCCA AP
USW00024130,44.8431,-117.8100,OR,BAKER CITY AP
USW00024131,43.5669,-116.2406,ID,BOISE AIR TERMINAL
USW00024132,45.7875,-111.1614,MT,BOZEMAN GALLATIN FLD AP
USW00024133,42.5453,-113.7686,ID,BURLEY MUNI AP
USW00024135,45.9644,-112.5014,MT,BUTTE BERT MOONEY AP
USW00024136,47.7667,-116.8167,ID,COEUR D ALENE AP
USW00024137,48.6036,-112.3767,MT,CUT BANK AP
USW00024138,45.2583,-112.5545,MT,DILLON AP
USW00024139,46.6383,-113.1761,MT,DRUMMOND AVIATION
USW00024141,47.3078,-119.5156,WA,EPHRATA AP
USW00024143,47.4733,-111.3828,MT,GREAT FALLS AP
USW00024144,46.6044,-111.9892,MT,HELENA AP ASOS
USW00024145,43.5206,-112.0675,ID,IDAHO FALLS FAA AP
USW00024148,45.2833,-118.0000,OR,LA GRANDE MUNI AP
USW00024149,46.3744,-117.0153,ID,LEWISTON AP
USW00024150,45.6983,-110.4417,MT,LIVINGSTON AP
USW00024151,42.1492,-112.2872,ID,MALAD CITY
USW00024152,45.5117,-118.4247,OR,MEACHAM
USW00024153,46.9208,-114.0939,MT,MISSOULA INTL AP
USW00024154,47.4547,-115.6711,ID,MULLAN PASS VOR/DME
USW00024155,45.6906,-118.8531,OR,PENDLETON
USW00024156,42.9197,-112.5722,ID,POCATELLO RGNL AP
USW00024157,47.6217,-117.5281,WA,SPOKANE INTL AP
USW00024160,46.0944,-118.2858,WA,WALLA WALLA RGNL AP
USW00024162,44.0142,-117.0081,OR,ONTARIO
USW00024163,46.2694,-119.1181,WA,PASCO TRI CITIES AP
USW00024164,42.5781,-110.1097,WY,BIG PINEY MARBLETON AP
USW00024166,43.6000,-110.7333,WY,JACKSON HOLE AP
USW00024172,40.0683,-118.5703,NV,LOVELOCK DERBY FLD AP
USW00024193,40.7206,-114.0358,UT,WENDOVER AP AWOS
USW00024202,44.5000,-123.2833,OR,CORVALLIS
USW00024213,40.8097,-124.1603,CA,EUREKA WFO WOODLEY IS
USW00024215,41.3150,-122.3172,CA,MT SHASTA
USW00024216,40.1519,-122.2547,CA,RED BLUFF MUNI AP
USW00024217,48.7992,-122.5406,WA,BELLINGHAM INTL AP
USW00024219,45.6189,-121.1658,WA,DALLESPORT AP
USW00024220,47.0339,-120.5314,WA,ELLENSBURG BOWERS FLD
USW00024221,44.1331,-123.2156,OR,EUGENE-MAHLON SWEET FLD
USW00024222,47.9233,-122.2831,WA,EVERETT SNOHOMISH CO AP
USW00024225,42.3750,-122.8769,OR,MEDFORD INTL AP
USW00024227,46.9736,-122.9050,WA,OLYMPIA AP
USW00024229,45.5958,-122.6092,OR,PORTLAND INTL AP
USW00024230,44.2558,-121.1408,OR,REDMOND AP
USW00024231,43.2336,-123.3578,OR,ROSEBURG RGNL AP
USW00024232,44.9050,-123.0011,OR,SALEM AP (MCNARY FIELD)
USW00024233,47.4447,-122.3144,WA,SEATTLE TACOMA AP
USW00024234,47.5456,-122.3147,WA,SEATTLE BOEING FLD
USW00024235,42.6000,-123.3667,OR,SEXTON SUMMIT
USW00024242,45.5511,-122.4097,OR,PORTLAND TROUTDALE AP
USW00024243,46.5639,-120.5350,WA,YAKIMA AP
USW00024257,40.5147,-122.2978,CA,REDDING AP
USW00024259,41.7736,-122.4683,CA,MONTAGUE SISKIYOU AP
USW00024283,40.9783,-124.1047,CA,ARCATA EUREKA AP
USW00024284,43.4133,-124.2436,OR,N BEND SW OREGON RGNL AP
USW00024286,41.7836,-124.2381,CA,CRESCENT CITY MCNAMARA AP
USW00025309,58.3539,-134.5561,AK,JUNEAU AP
USW00025322,58.4111,-135.7089,AK,GUSTAVUS
USW00025323,59.2428,-135.5114,AK,HAINES AP
USW00025325,55.3586,-131.7219,AK,KETCHIKAN AP
USW00025329,56.8056,-132.9372,AK,PETERSBURG 1
USW00025331,61.5950,-149.0917,AK,PALMER AP
USW00025333,57.0475,-135.3669,AK,SITKA AP
USW00025335,59.4539,-135.3278,AK,SKAGWAY AP
USW00025339,59.5122,-139.6711,AK,YAKUTAT AP
USW00025367,55.5819,-133.0747,AK,KLAWOCK AP
USW00025376,55.2064,-132.8283,AK,HYDABURG SEAPLANE BASE
USW00025379,57.0575,-135.3267,AK,SITKA 1 NE
USW00025380,58.4292,-135.6900,AK,GUSTAVUS 2 NE
USW00025381,55.0456,-131.5878,AK,METLAKATLA 6 S
USW00025382,59.5086,-139.6850,AK,YAKUTAT 3 SSE
USW00025402,59.4667,-146.3167,AK,MIDDLETON ISLAND AUTO
USW00025501,57.7508,-152.4881,AK,KODIAK AP
USW00025503,58.6794,-156.6294,AK,KING SALMON
USW00025506,59.7492,-154.9089,AK,ILIAMNA AP
USW00025507,59.6419,-151.4911,AK,HOMER AP
USW00025516,59.4458,-151.7067,AK,SELDOVIA AP
USW00025519,58.1853,-157.3856,AK,EGEGIK AP
USW00025522,58.2078,-155.9225,AK,KING SALMON 42 SE
USW00025624,55.2206,-162.7322,AK,COLD BAY AP
USW00025628,56.5747,-169.6628,AK,ST GEORGE IS AP
USW00025630,55.3472,-160.4661,AK,SAND POINT 1 ENE
USW00025704,51.8833,-176.6500,AK,ADAK AP
USW00025708,52.2167,-174.2000,AK,ATKA ISLAND
USW00025711,57.1575,-170.2119,AK,ST. PAUL 4 NE
USW00025713,57.1550,-170.2228,AK,SAINT PAUL IS AP
USW00026407,64.6833,-147.0833,AK,EIELSON FLD
USW00026409,61.2164,-149.8572,AK,ANCHORAGE MERRILL FLD
USW00026410,60.4861,-145.4444,AK,CORDOVA AP
USW00026411,64.8031,-147.8761,AK,FAIRBANKS INTL AP
USW00026412,62.9614,-141.9383,AK,NORTHWAY AP
USW00026413,66.5706,-145.2342,AK,FT YUKON
USW00026415,63.9931,-145.7214,AK,BIG DELTA AP
USW00026422,64.7761,-141.1636,AK,EAGLE AP
USW00026425,62.1592,-145.4589,AK,GULKANA AP
USW00026435,64.5472,-149.0872,AK,NENANA MUNI AP
USW00026438,60.1292,-149.4186,AK,SEWARD AP
USW00026451,61.1692,-150.0278,AK,ANCHORAGE TED STEVENS INTL AP
USW00026491,61.1786,-149.9650,AK,ANCHORAGE LK HOOD SEA PLANE BA
USW00026492,60.7836,-148.8483,AK,PORTAGE GLACIER VISITOR CTR
USW00026494,64.9736,-147.5100,AK,FAIRBANKS 11 NE
USW00026501,64.7367,-156.9344,AK,GALENA AP
USW00026502,64.3208,-158.7325,AK,KALTAG AP
USW00026510,62.9575,-155.6100,AK,MCGRATH AP
USW00026516,61.5833,-159.5333,AK,ANIAK AP
USW00026523,60.5792,-151.2414,AK,KENAI AP
USW00026528,62.3197,-150.0975,AK,TALKEETNA AP
USW00026529,65.1730,-152.1067,AK,TANANA AP
USW00026533,66.9178,-151.5189,AK,BETTLES AP
USW00026562,60.1950,-154.3197,AK,PORT ALSWORTH 1 SW
USW00026563,60.7236,-150.4483,AK,KENAI 29 ENE
USW00026565,70.1617,-148.4644,AK,DEADHORSE 3 S
USW00026615,60.7850,-161.8294,AK,BETHEL AP
USW00026616,66.8856,-162.6067,AK,KOTZEBUE AP
USW00026617,64.5111,-165.4400,AK,NOME AP
USW00026628,64.5506,-163.0072,AK,GOLOVIN AP
USW00026635,62.0953,-163.6819,AK,MTN VILLAGE AP
USW00026642,67.7306,-164.5478,AK,KIVALINA AP
USW00026643,66.0694,-162.7614,AK,DEERING AP
USW00026644,62.6500,-160.1833,AK,ANVIK AP
USW00026653,60.5414,-165.0872,AK,TOKSOOK BAY AP
USW00026655,68.0278,-162.9211,AK,RED DOG MINE 3 SSW
USW00026656,61.3464,-164.0770,AK,BETHEL 87 WNW
USW00027401,70.1333,-143.6333,AK,BARTER ISLAND WSO AP
USW00027406,70.1914,-148.4800,AK,DEADHORSE
USW00027502,71.2869,-156.7394,AK,BARROW AP
USW00027515,70.2125,-150.9944,AK,NUIQSUT AP
USW00027516,71.3214,-156.6111,AK,UTQIAGVIK FORMERLY BARROW 4 E
USW00045715,52.7167,174.1000,AK,SHEMYA USAF BASE
USW00053119,36.3114,-119.6231,CA,HANFORD MUNI AP
USW00053120,33.0381,-116.9161,CA,RAMONA AP
USW00053121,33.2194,-117.3497,CA,OCEANSIDE MUNI AP
USW00053123,36.2119,-115.1939,NV,LAS VEGAS AIR TERMINAL
USW00053127,35.9761,-115.1325,NV,LAS VEGAS HENDERSON AP
USW00053131,32.2394,-111.1697,AZ,TUCSON 11 W
USW00053132,31.5908,-110.5086,AZ,ELGIN 5 S
USW00053136,36.6239,-116.0225,NV,MERCURY 3 SSW
USW00053138,39.0117,-114.2089,NV,BAKER 5 W
USW00053139,36.6019,-117.1450,CA,STOVEPIPE WELLS 1 SW
USW00053146,31.6056,-110.4281,AZ,FT HUACHUCA PIONEER AIRFIELD
USW00053149,38.3028,-111.2936,UT,TORREY 7 E
USW00053150,37.7592,-119.8208,CA,YOSEMITE VILLAGE 12 W
USW00053151,33.4392,-117.1903,CA,FALLBROOK 5 NE
USW00053152,34.4142,-119.8797,CA,SANTA BARBARA 11 W
USW00053154,32.8350,-114.1883,AZ,YUMA 27 ENE
USW00053155,35.7553,-112.3375,AZ,WILLIAMS 35 NNW
USW00053175,33.8978,-117.6025,CA,CORONA MUNICIPAL AP
USW00053182,36.5683,-101.6097,OK,GOODWELL 2 SE
USW00053802,39.4744,-88.2722,IL,MATTOON CHARLESTON COLES CO AP
USW00053803,37.7500,-87.1667,KY,OWENSBORO DAVIESS CO RGNL AP
USW00053808,31.4667,-89.3333,MS,LAUREL HATTIESBURG RGNL AP
USW00053819,33.3636,-84.5658,GA,ATLANTA
USW00053820,31.4192,-87.0483,AL,EVERGREEN MIDDLETON FLD
USW00053838,34.2722,-83.8306,GA,GAINESVILLE LEE GILMER MEM AP
USW00053841,38.1847,-84.9039,KY,FRANKFORT CAPITAL CITY AP
USW00053842,39.8247,-86.2958,IN,INDIANAPOLIS EAGLE CREEK AP
USW00053843,31.3061,-86.3903,AL,ANDALUSIA OPP AP
USW00053844,39.7572,-82.6633,OH,LANCASTER FAIRFIELD CO AP
USW00053847,30.6972,-87.0208,FL,WHITING FLD NAS S
USW00053848,30.5119,-86.9542,FL,CHOCTAW NAVAL OUTLYING FLD MIL
USW00053850,34.6722,-82.8814,SC,CLEMSON OCONEE CO AP
USW00053852,34.6581,-86.9433,AL,DECATUR PRYOR FLD
USW00053853,30.3933,-86.4675,FL,DESTIN FT WALTON BEACH AP
USW00053854,33.4639,-80.8533,SC,ORANGEBURG MUNI AP
USW00053855,39.3611,-84.5206,OH,HAMILTON BUTLER CO RGNL AP
USW00053858,30.4631,-88.5317,MS,PASCAGOULA LOTT INTL AP
USW00053859,39.5917,-84.2264,OH,DAYTON WRIGHT BROTHERS AP
USW00053860,30.3369,-81.5128,FL,JACKSONVILLE CRAIG MUNI AP
USW00053863,33.8783,-84.2981,GA,ATLANTA DEKALB PEACHTREE AP
USW00053864,33.1783,-86.7817,AL,ALABASTER SHELBY CO AP ASOS
USW00053865,30.3436,-89.8225,LA,SLIDELL AP
USW00053866,39.5856,-85.7997,IN,SHELBYVILLE MUNI AP
USW00053867,33.9719,-80.9939,SC,COLUMBIA OWENS DWTN AP
USW00053868,36.0231,-84.2336,TN,OAK RIDGE ASOS
USW00053869,35.9378,-89.8331,AR,BLYTHEVILLE MUNI AP
USW00053870,35.1967,-81.1556,NC,GASTONIA MUNI AP
USW00053871,34.9836,-81.0561,SC,ROCK HILL YORK CO AP
USW00053872,35.0147,-80.6242,NC,MONROE AP
USW00053873,34.1158,-84.8508,GA,CARTERSVILLE AP
USW00053874,34.2539,-82.1528,SC,GREENWOOD CO AP
USW00053877,35.4944,-82.6142,NC,ASHEVILLE 8 SSW
USW00053878,35.4186,-82.5567,NC,ASHEVILLE 13 S
USW00053879,38.9578,-94.3711,MO,LEES SUMMIT MUNI AP
USW00053893,33.4500,-88.5833,MS,GOLDEN TRIANGLE
USW00053901,36.8792,-91.9053,MO,W PLAINS MUNI AP
USW00053902,30.3611,-95.4175,TX,CONROE MONTGOMERY CO AP
USW00053903,30.7444,-95.5867,TX,HUNTSVILLE MUNI AP
USW00053904,38.9306,-90.4328,MO,ST CHARLES CO AP
USW00053905,32.5397,-93.7461,LA,SHREVEPORT DWTN AP
USW00053907,32.6583,-97.0950,TX,ARLINGTON MUNI AP
USW00053908,36.0425,-95.9903,OK,TULSA RICHARD L JONES JR AP
USW00053909,32.9944,-97.3203,TX,FT WORTH ALLIANCE AP
USW00053910,30.0681,-95.5564,TX,HOUSTON HOOKS MEM AP
USW00053911,32.7131,-96.2689,TX,TERRELL MUNI AP
USW00053912,32.0317,-96.3994,TX,CORSICANA CAMPBELL FLD
USW00053913,35.8517,-97.4142,OK,GUTHRIE MUNI AP
USW00053914,33.1828,-96.5900,TX,MCKINNEY MUNI AP
USW00053915,30.0292,-91.8844,LA,NEW IBERIA AP - ACADIANA RGNL
USW00053916,39.8197,-93.5769,MO,CHILLICOTHE AGRI-SCIENCE CTR
USW00053917,30.0494,-90.0289,LA,NEW ORLEANS LAKEFRONT AP
USW00053918,36.3706,-92.4719,AR,MTN HOME BAXTER CO RGNL AP
USW00053919,33.6361,-91.7556,AR,MONTICELLO MUNI AP
USW00053920,35.2572,-93.0950,AR,RUSSELLVILLE MUNI AP
USW00053921,34.5467,-93.5781,AR,MT IDA
USW00053922,36.2897,-94.3114,AR,FAYETTEVILLE SPRINGDALE NW AR
USW00053925,34.0481,-94.4017,AR,DE QUEEN SEVIER CO AP
USW00053926,36.1181,-97.0914,OK,STILLWATER 2 W
USW00053927,36.1347,-97.1083,OK,STILLWATER 5 WNW
USW00053928,30.2189,-96.3742,TX,BRENHAM MUNI AP
USW00053931,38.0964,-92.5531,MO,KAISER AP
USW00053934,35.7261,-91.6472,AR,BATESVILLE RGNL AP
USW00053942,30.6792,-97.6794,TX,GEORGETOWN MUNI AP
USW00053948,31.5778,-94.7094,TX,NACOGDOCHES MANGHAM AP
USW00053952,31.4847,-97.3164,TX,WACO MCGREGOR EXEC AP
USW00053955,36.1906,-94.4908,AR,SILOAM SPRINGS AP
USW00053959,35.1400,-90.2358,AR,W MEMPHIS MUNI AP
USW00053960,30.0917,-91.8731,LA,LAFAYETTE 13 SE
USW00053961,32.8833,-92.1164,LA,MONROE 26 N
USW00053964,33.2544,-97.5806,TX,DECATUR MUNI AP
USW00053965,33.1100,-98.5553,TX,GRAHAM MUNI AP
USW00053966,32.4561,-96.9125,TX,MID WAY RGNL AP
USW00053967,33.7142,-96.6736,TX,GRAYSON CO AP
USW00053968,31.7797,-95.7233,TX,PALESTINE 6 WNW
USW00053970,32.7469,-96.5306,TX,MESQUITE METRO AP
USW00053972,32.0836,-97.0972,TX,HILLSBORO MUNI AP
USW00053973,30.8719,-96.6222,TX,HEARNE MUNI AP
USW00053974,39.1028,-96.6097,KS,MANHATTAN 6 SSW
USW00053975,32.5792,-96.7192,TX,LANCASTER AP
USW00053976,33.1753,-97.8283,TX,BRIDGEPORT MUNI AP
USW00053977,32.4444,-97.8169,TX,GRANBURY MUNI AP
USW00053979,30.1692,-96.9800,TX,GIDDINGS LEE CO AP
USW00053981,32.3539,-97.4339,TX,CLEBURNE MUNI AP
USW00053983,30.7836,-98.6619,TX,LLANO MUNI AP
USW00053984,32.6986,-97.0467,TX,GRAND PRAIRIE MUNI AP
USW00053985,35.2119,-91.7369,AR,SEARCY MUNI AP
USW00053988,31.0217,-92.9108,LA,FT POLK FULLERTON LNDG STRIP
USW00053996,34.5453,-94.2025,AR,MENA INTERMOUNTAIN AP
USW00053997,31.9167,-98.6003,TX,COMANCHE CO CITY AP
USW00054704,42.1911,-71.1733,MA,NORWOOD MEM AP
USW00054728,44.3658,-71.5522,NH,WHITEFIELD MT WASHINGTON RGNL
USW00054733,42.5842,-70.9153,MA,BEVERLY MUNI AP
USW00054734,41.3722,-73.4833,CT,DANBURY MUNI AP
USW00054737,40.1206,-76.2944,PA,LANCASTER AP
USW00054740,43.3422,-72.5214,VT,SPRINGFIELD HARTNESS STATE AP
USW00054742,44.4200,-72.0194,VT,SAINT JOHNSBURY ASOS
USW00054743,40.8764,-74.2828,NJ,CALDWELL ESSEX CO AP
USW00054756,42.5700,-72.2869,MA,ORANGE MUNI AP
USW00054757,42.1078,-77.9842,NY,WELLSVILLE MUNI AP
USW00054767,41.7425,-72.1825,CT,WILLIMANTIC WINDHAM AP
USW00054768,42.6972,-73.1697,MA,N ADAMS HARRIMAN AP
USW00054769,41.9086,-70.7278,MA,PLYMOUTH MUNI AP
USW00054770,42.8067,-72.0014,NH,JAFFREY MUNI AP SILVER RCH
USW00054771,44.5328,-72.6153,VT,MORRISVILLE STOWE STATE AP
USW00054772,43.9900,-70.9500,ME,FRYEBURG ESTRN SLOPES RGNL AP
USW00054773,43.3503,-76.3831,NY,FULTON OSWEGO CO AP
USW00054777,41.8756,-71.0208,MA,TAUNTON MUNI AP
USW00054778,42.6442,-77.0528,NY,PENN YAN AP
USW00054779,41.0092,-74.7364,NJ,AEROFLEX-ANDOVER AP
USW00054780,41.0731,-71.9236,NY,MONTAUK AP
USW00054781,42.8936,-73.2489,VT,BENNINGTON MORSE STATE AP
USW00054782,40.2381,-75.5547,PA,HERITAGE FLD AP
USW00054785,40.6242,-74.6689,NJ,SOMERSET AP
USW00054786,40.3303,-75.1228,PA,DOYLESTOWN AP
USW00054787,40.7344,-73.4164,NY,FARMINGDALE REPUBLIC AP
USW00054788,41.5097,-72.8278,CT,MERIDEN MARKHAM MUNI AP
USW00054789,41.1369,-75.3772,PA,MT POCONO POCONO MOUNTAINS MUN
USW00054790,40.8211,-72.8675,NY,SHIRLEY BROOKHAVEN AP
USW00054791,43.2794,-70.9242,NH,ROCHESTER SKYHAVEN AP
USW00054792,41.0464,-78.4111,PA,CLEARFIELD LAWRENCE AP
USW00054793,41.1992,-74.6258,NJ,SUSSEX AP
USW00054794,43.1717,-70.9278,NH,DURHAM 2 N
USW00054795,43.1092,-70.9483,NH,DURHAM 2 SSW
USW00054796,41.4911,-71.5414,RI,KINGSTON 1 NW
USW00054797,41.4783,-71.5417,RI,KINGSTON 1 W
USW00054808,40.0528,-88.3728,IL,CHAMPAIGN 9 SW
USW00054810,46.3344,-86.9200,MI,CHATHAM 1 SE
USW00054811,41.8431,-88.8514,IL,SHABBONA 5 NNE
USW00054813,46.4119,-86.6506,MI,MUNSING LAKESHORE
USW00054831,40.4833,-88.9500,IL,BLOOMINGTON NORMAL AP
USW00054854,44.9081,-84.7203,MI,GAYLORD 9 SSW
USW00054856,40.7642,-81.9103,OH,WOOSTER 3 SSE
USW00054902,41.5561,-93.2856,IA,DES MOINES 17 E
USW00054903,44.0603,-90.1736,WI,NECEDAH 5 WNW
USW00054911,45.1008,-90.3033,WI,TAYLOR CO AP
USW00054932,46.1136,-92.9936,MN,SANDSTONE 6 W
USW00054933,45.7114,-99.1297,SD,ABERDEEN 35 WNW
USW00054937,46.7703,-99.4778,ND,JAMESTOWN 38 WSW
USW00056401,63.0294,-145.5003,AK,GLENNALLEN 64 N
USW00063803,33.9797,-83.9633,GA,LAWRENCEVILLE AP
USW00063813,34.0131,-84.5986,GA,MARIETTA COBB CO AP
USW00063826,33.3550,-81.3278,SC,BLACKVILLE 3 W
USW00063828,31.3128,-84.4706,GA,NEWTON 8 W
USW00063829,31.1922,-84.4464,GA,NEWTON 11 SW
USW00063831,32.3378,-89.0703,MS,NEWTON 5 ENE
USW00063838,38.0944,-84.7464,KY,VERSAILLES 3 NNW
USW00063849,37.2503,-86.2325,KY,BOWLING GREEN 21 NNE
USW00063850,33.7836,-83.3897,GA,WATKINSVILLE 5 SSE
USW00063855,36.0139,-85.1344,TN,CROSSVILLE 7 NW
USW00063856,30.8078,-81.4597,GA,BRUNSWICK 23 S
USW00063857,34.2850,-85.9622,AL,GADSDEN 19 N
USW00063858,32.4567,-87.2422,AL,SELMA 13 WNW
USW00063862,34.5653,-85.6172,AL,VALLEY HEAD 1 SSW
USW00063867,34.1953,-86.7964,AL,CULLMAN 3 ENE
USW00063868,34.6603,-87.3461,AL,COURTLAND 2 WSW
USW00063869,30.5486,-87.8758,AL,FAIRHOPE 3 NE
USW00063870,31.0447,-86.3120,AL,FLORALA MUNI AP
USW00063871,30.8431,-85.6044,FL,BONIFAY TRI CO AP
USW00063872,31.9517,-85.1311,AL,EUFAULA WEEDON FLD AP
USW00063874,31.8467,-86.6142,AL,GREENVILLE MAC CRENSHAW MEM AP
USW00063888,39.8403,-83.8400,OH,SPRINGFIELD BECKLEY AP
USW00063890,30.3503,-81.8761,FL,JACKSONVILLE WHITEHOUSE NAVAL
USW00063891,32.8517,-86.6114,AL,CLANTON 2 NE
USW00063892,32.8369,-88.1375,AL,GAINESVILLE 2 NE
USW00063893,32.7169,-87.6225,AL,GREENSBORO 2 WNW
USW00063894,34.7728,-87.6400,AL,MUSCLE SHOALS 2 N
USW00063895,34.4536,-87.7103,AL,RUSSELLVILLE 4 SSE
USW00063896,34.6942,-85.9997,AL,SCOTTSBORO 2 NE
USW00063897,32.3350,-86.9786,AL,SELMA 6 SSE
USW00063898,38.8883,-86.5708,IN,BEDFORD 5 WNW
USW00063899,31.1450,-87.0517,AL,BREWTON 3 NNE
USW00063904,30.5725,-97.4431,TX,TAYLOR MUNI AP
USW00064705,40.7769,-79.9497,PA,BUTLER CO AP
USW00064707,41.4833,-73.1333,CT,OXFORD WATERBURY
USW00064709,43.3936,-70.7078,ME,SANFORD RGNL AP
USW00064710,41.9206,-71.4911,RI,NORTH CENTRAL STATE AP
USW00064756,41.7858,-73.7422,NY,MILLBROOK 3 W
USW00064758,42.4400,-76.2461,NY,ITHACA 13 E
USW00064775,43.2242,-75.3956,NY,ROME GRIFFISS AIRFIELD
USW00064776,44.6392,-73.4631,NY,PLATTSBURGH INTL AP
USW00073801,33.2125,-87.5914,AL,NORTHPORT 2 S
USW00073802,31.9156,-86.3114,AL,HIGHLAND HOME 2 S
USW00073803,33.5722,-86.0572,AL,TALLADEGA 10 NNE
USW00073805,30.3486,-85.7883,FL,NW FLORIDA BEACHES INTL AP
USW00092805,26.2464,-80.1111,FL,POMPANO BEACH AIRPARK
USW00092806,27.7683,-82.6256,FL,ST PETERSBURG ALBERT WHITTED A
USW00092809,25.9994,-80.2411,FL,HOLLYWOOD N PERRY AP
USW00092814,29.9592,-81.3397,FL,ST AUGUSTINE AP
USW00092821,28.6158,-80.6928,FL,TITUSVILLE 7 E
USW00092826,25.8997,-81.3183,FL,EVERGLADES CITY 5 NE
USW00092827,27.1525,-81.3689,FL,SEBRING 23 SSE
USW00093005,37.1431,-107.7603,CO,DURANGO LA PLATA CO AP
USW00093009,39.2281,-106.3164,CO,LEADVILLE LAKE CO AP
USW00093010,39.2733,-103.6675,CO,LIMON
USW00093013,38.5053,-107.8981,CO,MONTROSE RGNL AP
USW00093026,31.4583,-109.6067,AZ,DOUGLAS (BISBEE) INTL AP
USW00093027,34.5183,-109.3800,AZ,ST JOHNS IND AIR PK
USW00093033,32.3336,-104.2583,NM,CAVERN CITY AP
USW00093037,38.8094,-104.6886,CO,COLORADO SPRINGS MUNI AP
USW00093041,32.2833,-106.9167,NM,LAS CRUCES MUNI AP
USW00093042,36.0253,-102.5489,TX,DALHART FAA AP
USW00093044,35.0706,-108.8389,NM,ZUNI
USW00093045,33.2369,-107.2686,NM,TRUTH OR CONSEQUENCES MUNI AP
USW00093058,38.2886,-104.5058,CO,PUEBLO MEM AP
USW00093063,32.6333,-108.1667,NM,SILVER CITY CO AP
USW00093065,38.9667,-104.8167,CO,COLORADO SPRINGS USAF ACADEMY
USW00093067,39.5600,-104.8483,CO,DENVER CENTENNIAL AP
USW00093069,37.3069,-108.6264,CO,CORTEZ MONTEZUMA CO AP
USW00093073,39.2300,-106.8706,CO,ASPEN PITKIN CO AP SARDY FLD
USW00093075,38.7500,-109.7628,UT,MOAB CANYONLAND AP
USW00093084,32.8567,-109.6361,AZ,SAFFORD MUNI AP
USW00093097,32.8397,-105.9906,NM,ALAMOGORDO RGNL AP
USW00093104,35.6864,-117.6908,CA,CHINA LAKE NAF
USW00093110,34.2000,-119.2042,CA,OXNARD VENTURA CO AP
USW00093111,34.1242,-119.1228,CA,PT MUGU NF
USW00093112,32.6922,-117.2097,CA,N IS NAS
USW00093115,32.5681,-117.1172,CA,IMPERIAL BEACH REAM FLD NAS
USW00093129,37.7067,-113.0969,UT,CEDAR CITY AP
USW00093134,34.0236,-118.2911,CA,LOS ANGELES DOWNTOWN/USC
USW00093138,33.8222,-116.5044,CA,PALM SPRINGS ASOS
USW00093139,34.2325,-111.3447,AZ,PAYSON
USW00093141,39.6089,-110.7556,UT,PRICE CARBON CO AP
USW00093167,35.2575,-113.9342,AZ,KINGMAN AP
USW00093184,33.6797,-117.8675,CA,SANTA ANA JOHN WAYNE AP
USW00093193,36.7800,-119.7203,CA,FRESNO YOSEMITE INTL
USW00093197,34.0211,-118.4472,CA,SANTA MONICA MUNI AP
USW00093205,39.1019,-121.5689,CA,MARYSVILLE AP (ASOS)
USW00093206,35.2381,-120.6442,CA,SAN LUIS OBISPO MCCHESNEY FLD
USW00093209,35.6694,-120.6292,CA,PASO ROBLES MUNI AP
USW00093210,39.4942,-121.6222,CA,OROVILLE MUNI AP
USW00093225,38.7006,-121.5947,CA,SACRAMENTO METRO AP
USW00093227,38.2075,-122.2803,CA,NAPA CO AP
USW00093228,37.6589,-122.1211,CA,HAYWARD AIR TERMINAL
USW00093230,38.8983,-119.9961,CA,S LAKE TAHOE AP
USW00093241,38.3775,-121.9586,CA,VACAVILLE/NUT TREE AP ASOS
USW00093242,36.9850,-120.1106,CA,MADERA MUNI AP
USW00093243,37.2381,-120.8825,CA,MERCED 23 WSW
USW00093245,38.3208,-123.0747,CA,BODEGA 6 WSW
USW00093706,39.7061,-77.7303,MD,HAGERSTOWN RGNL AP
USW00093718,33.8161,-78.7206,SC,N MYRTLE BEACH
USW00093719,35.0683,-77.0478,NC,NEW BERN - ASOS
USW00093720,38.3408,-75.5133,MD,SALISBURY-WICOMICO RGNL AP
USW00093721,39.1733,-76.6842,MD,BALTIMORE-WASHINGTON INTL AP
USW00093727,34.7083,-77.4397,NC,NEW RVR MCAF
USW00093729,35.2325,-75.6222,NC,CAPE HATTERAS - BILLY MITCHELL
USW00093730,39.4519,-74.5669,NJ,ATLANTIC CITY INTL AP
USW00093736,38.1375,-78.4550,VA,CHARLOTTESVILLE ALBEMARLE AP
USW00093738,38.9347,-77.4472,VA,WASHINGTON DULLES INTL AP
USW00093739,37.9372,-75.4661,VA,WALLOPS IS NASA TEST FACILITY
USW00093740,34.9894,-78.8800,NC,FAYETTEVILLE RGNL AP GRANNIS F
USW00093741,37.1322,-76.4939,VA,NEWPORT NEWS INTL AP
USW00093759,35.8503,-77.8950,NC,ROCKY MT WILSON AP
USW00093765,34.7325,-76.6567,NC,BEAUFORT - ASOS
USW00093773,36.9842,-77.0072,VA,NORFOLK RICH
USW00093775,37.7092,-77.4347,VA,ASHLAND HANOVER CO MUNI AP
USW00093778,39.9194,-76.8769,PA,YORK AP
USW00093780,39.9408,-74.8408,NJ,S JERSEY RGNL AP
USW00093782,34.7914,-79.3683,NC,LAURINBURG MAXTON AP
USW00093783,36.0475,-79.4739,NC,BURLINGTON ALAMANCE RGNL AP
USW00093784,39.2814,-76.6111,MD,MARYLAND SCI CTR
USW00093786,38.3092,-75.1233,MD,OCEAN CITY MUNI AP
USW00093801,34.3483,-85.1617,GA,ROME R B RUSSELL AP
USW00093805,30.3975,-84.3289,FL,TALLAHASSEE
USW00093806,33.2122,-87.6156,AL,TUSCALOOSA AP ASOS
USW00093807,36.1333,-80.2244,NC,WINSTON SALEM REYNOLDS AP
USW00093808,36.9647,-86.4239,KY,BOWLING GREEN WARREN CO AP
USW00093810,37.7833,-89.2453,IL,CARBONDALE STHRN ILLINOIS AP
USW00093812,39.1061,-84.4161,OH,CINCINNATI MUNI AP LUNKEN FLD
USW00093814,39.0444,-84.6725,KY,CINCINNATI/NORTHERN KENTUCKY I
USW00093815,39.9064,-84.2186,OH,DAYTON INTL AP
USW00093817,38.0503,-87.5147,IN,EVANSVILLE RGNL AP
USW00093819,39.7075,-86.2803,IN,INDIANAPOLIS
USW00093820,38.0339,-84.6114,KY,LEXINGTON BLUEGRASS AP
USW00093821,38.1775,-85.7308,KY,LOUISVILLE INTL AP
USW00093822,39.8453,-89.6839,IL,SPRINGFIELD ABRAHAM LINCOLN CA
USW00093823,39.4500,-87.3000,IN,TERRE HAUTE CAA AP
USW00093824,39.9461,-81.8931,OH,ZANESVILLE MUNI AP
USW00093831,32.4833,-80.7167,SC,BEAUFORT MCAS
USW00093837,30.2333,-81.6667,FL,JACKSONVILLE NAS
USW00093841,30.7167,-87.0167,FL,WHITING FLD NAS
USW00093842,32.5164,-84.9422,GA,COLUMBUS METRO AP
USW00093845,30.7764,-83.2739,GA,VALDOSTA RGNL AP
USW00093846,34.4981,-82.7092,SC,ANDERSON FAA AP
USW00093862,34.2622,-88.7714,MS,TUPELO RGNL AP
USW00093874,30.4122,-89.0808,MS,GULFPORT - BILOXI AP
USW00093904,32.8167,-97.3500,TX,FT WORTH MEACHAM FLD NAAF
USW00093909,38.8222,-94.8903,KS,OLATHE JOHNSON CO IND AP
USW00093915,31.3347,-92.5586,LA,ALEXANDRIA INTL AP
USW00093919,31.1822,-90.4719,MS,MCCOMB AP
USW00093929,33.6514,-97.1969,TX,GAINESVILLE MUNI AP
USW00093937,33.1667,-95.6167,TX,SULPHUR SPRINGS MUNI AP
USW00093947,30.2433,-98.9097,TX,FREDERICKSBURG GILLESPIE CO AP
USW00093950,34.8825,-95.7817,OK,MCALESTER RGNL AP
USW00093953,35.6578,-95.3658,OK,MUSKOGEE DAVIS FLD
USW00093955,33.6333,-95.4500,TX,PARIS
USW00093967,37.0911,-95.5725,KS,COFFEYVILLE MUNI AP
USW00093981,37.2000,-93.3000,MO,SPRINGFIELD WBO
USW00093983,31.7797,-95.7064,TX,PALESTINE MUNI AP
USW00093984,31.1500,-97.4167,TX,TEMPLE DRAUGHTON MIL
USW00093985,32.7817,-98.0603,TX,MINERAL WELLS AP
USW00093986,34.9892,-99.0528,OK,HOBART MUNI AP
USW00093987,31.2358,-94.7547,TX,LUFKIN ANGELINA CO AP
USW00093988,34.1797,-91.9344,AR,PINE BLUFF GRIDER FLD
USW00093989,39.9372,-91.1967,IL,QUINCY RGNL AP
USW00093990,39.3742,-99.8300,KS,HILL CITY MUNI AP
USW00093991,36.1253,-90.9244,AR,WALNUT RIDGE MUNI AP
USW00093992,33.2208,-92.8142,AR,EL DORADO GOODWIN FLD
USW00093993,36.0103,-94.1683,AR,FAYETTEVILLE DRAKE FLD
USW00093996,37.7667,-90.4000,MO,FARMINGTON FAA AP
USW00093997,38.8725,-98.8092,KS,RUSSELL MUNI AP
USW00094008,48.2064,-106.6247,MT,GLASGOW
USW00094010,48.4089,-106.5144,MT,ST MARIE
USW00094012,48.5425,-109.7644,MT,HAVRE AP ASOS
USW00094017,48.0942,-105.5783,MT,WOLF PT INTL AP
USW00094023,44.3397,-105.5417,WY,GILLETTE CAMPBELL CO AP
USW00094025,40.4811,-107.2175,CO,HAYDEN YAMPA VALLEY AP
USW00094028,47.7167,-104.1833,MT,SIDNEY RICHLAND MUNI AP
USW00094030,40.4431,-109.5128,UT,VERNAL MUNI AP
USW00094032,43.7331,-103.6150,SD,CUSTER CO AP
USW00094035,40.4500,-105.0167,CO,FT COLLINS LOVELAND AP
USW00094037,45.6042,-103.5469,SD,BUFFALO (ASOS)
USW00094038,46.0108,-102.6517,ND,HETTINGER MUNI AP
USW00094039,43.0261,-102.5200,SD,PINE RIDGE AP
USW00094040,40.2039,-100.5903,NE,MCCOOK MUNI AP
USW00094041,47.6461,-101.4406,ND,GARRISON
USW00094050,40.0444,-107.8883,CO,MEEKER AP
USW00094051,47.3258,-106.9486,MT,JORDAN AP
USW00094052,45.5494,-100.4086,SD,MOBRIDGE MUNI AP
USW00094053,42.0614,-104.1583,WY,TORRINGTON MUNI AP
USW00094054,44.3811,-106.7194,WY,BUFFALO JOHNSON CO AP
USW00094055,46.3519,-104.2614,MT,BAKER MUNI AP
USW00094056,45.0325,-102.0200,SD,FAITH MUNI AP
USW00094057,42.7961,-105.3806,WY,CONVERSE CO AP ASOS
USW00094059,48.4886,-105.2097,MT,WOLF POINT 34 NE
USW00094060,48.3083,-105.1017,MT,WOLF POINT 29 ENE
USW00094074,40.8067,-104.7553,CO,NUNN 7 NNE
USW00094075,40.0353,-105.5408,CO,BOULDER 14 W
USW00094076,40.0536,-106.3689,CO,KREMMLING MCELROY AIRFLD
USW00094077,42.4247,-103.7364,NE,HARRISON 20 SSE
USW00094078,42.6753,-108.6686,WY,LANDER 11 SSE
USW00094079,42.0681,-101.4450,NE,WHITMAN 5 ENE
USW00094080,46.8947,-103.3769,ND,MEDORA 7 E
USW00094081,45.5161,-103.3017,SD,BUFFALO 13 ESE
USW00094082,40.2447,-108.9678,CO,DINOSAUR 2 E
USW00094084,48.9675,-102.1703,ND,NORTHGATE 5 ESE
USW00094085,44.0194,-100.3531,SD,PIERRE 24 S
USW00094088,44.5169,-104.4364,WY,SUNDANCE 8 NNW
USW00094107,42.5903,-117.8644,OR,ROME STATE AP
USW00094119,47.9742,-117.4292,WA,DEER PARK AP
USW00094128,41.7864,-111.8519,UT,LOGAN CACHE AP
USW00094129,46.7439,-117.1158,WA,PULLMAN MOSCOW RGNL AP
USW00094143,43.5317,-112.9422,ID,IDAHO FALLS 46 W
USW00094173,44.5447,-110.4219,WY,YELLOWSTONE LAKE
USW00094176,47.6858,-117.3214,WA,SPOKANE FELTS FLD
USW00094178,42.4786,-114.4775,ID,TWIN FALLS SUN VALLEY RGNL AP
USW00094182,44.8942,-116.0997,ID,MCCALL AP
USW00094185,43.5947,-118.9578,OR,BURNS MUNI AP
USW00094194,43.8322,-111.8075,ID,REXBURG MADISON CO AP
USW00094197,48.4611,-119.5208,WA,OMAK
USW00094224,46.1569,-123.8833,OR,ASTORIA AP (PORT OF)
USW00094225,46.9728,-123.9308,WA,HOQUIAM BOWERMAN AP
USW00094227,47.2383,-123.1414,WA,SHELTON AP
USW00094236,42.1469,-121.7256,OR,KLAMATH FALLS INTL AP
USW00094239,47.3975,-120.2011,WA,WENATCHEE PANGBORN MEM AP
USW00094240,47.9369,-124.5575,WA,QUILLAYUTE AP
USW00094248,47.4950,-122.2144,WA,RENTON MUNI AP
USW00094261,45.5475,-122.9558,OR,PORTLAND-HILLSBORO AP
USW00094263,47.4833,-122.7667,WA,BREMERTON
USW00094266,48.1219,-123.5067,WA,PORT ANGELES FAIRCHILD INTL AP
USW00094273,45.1958,-123.1339,OR,MCMINNVILLE MUNI AP
USW00094274,47.2675,-122.5761,WA,TACOMA NARROWS AP
USW00094276,48.5200,-123.0264,WA,FRIDAY HARBOR AP
USW00094281,45.2467,-122.7708,OR,AURORA STATE AP
USW00094285,42.1667,-120.4000,OR,LAKEVIEW LAKE CO AP
USW00094290,47.6872,-122.2553,WA,SEATTLE SAND PT WFO
USW00094298,45.6211,-122.6542,WA,VANCOUVER PEARSON AP
USW00094299,41.4836,-120.5614,CA,ALTURAS MUNI AP
USW00094623,43.9639,-69.7114,ME,WISCASSET AP
USW00094624,41.6878,-69.9930,MA,CHATHAM MUNI AP
USW00094626,45.4619,-69.5956,ME,GREENVILLE MAINE FORESTRY SVC
USW00094644,44.9281,-68.7006,ME,OLD TOWN 2 W
USW00094645,46.9600,-67.8833,ME,LIMESTONE 4 NNW
USW00094700,44.5761,-71.1783,NH,BERLIN MUNI AP
USW00094702,41.1642,-73.1267,CT,IGOR I SIKORSKY MEM AP
USW00094704,42.5697,-77.7142,NY,DANSVILLE MUNI AP
USW00094705,44.2050,-72.5656,VT,MONTPELIER AP
USW00094720,41.6719,-70.2697,MA,HYANNIS BARNSTABLE MUNI AP
USW00094723,42.7125,-71.1256,MA,LAWRENCE MUNI AP
USW00094724,41.3931,-70.6158,MA,VINEYARD HAVEN MARTHAS VINEYAR
USW00094725,44.9333,-74.8483,NY,MASSENA INTL AP
USW00094726,41.6792,-70.9592,MA,NEW BEDFORD MUNI AP
USW00094728,40.7789,-73.9692,NY,NY CITY CNTRL PARK
USW00094732,40.0789,-75.0133,PA,NE PHILA AP
USW00094737,43.5333,-72.9500,VT,RUTLAND STATE AP
USW00094740,44.3928,-74.2028,NY,SARANAC LK ADIRONDACK RGNL AP
USW00094741,40.8589,-74.0561,NJ,TETERBORO AP
USW00094745,41.0622,-73.7044,NY,WESTCHESTER CO AP
USW00094746,42.2706,-71.8731,MA,WORCESTER
USW00094765,43.6269,-72.3053,NH,LEBANON MUNI AP
USW00094789,40.6392,-73.7639,NY,JFK INTL AP
USW00094790,43.9886,-76.0261,NY,WATERTOWN AP
USW00094793,41.1667,-71.5833,RI,BLOCK ISLAND STATE AP
USW00094814,44.3592,-84.6739,MI,HOUGHTON LAKE ROSCOMMON CO AP
USW00094815,42.2283,-85.5461,MI,KALAMAZOO BATTLE CREEK INTL AP
USW00094817,42.6631,-83.4103,MI,PONTIAC OAKLAND CO INTL AP
USW00094818,42.7586,-87.8178,WI,RACINE BATTEN AP
USW00094822,42.1933,-89.0933,IL,ROCKFORD GTR ROCKFORD AP
USW00094823,40.4847,-80.2144,PA,PITTSBURGH ASOS
USW00094830,41.5869,-83.8053,OH,TOLEDO EXPRESS AP
USW00094846,41.9603,-87.9317,IL,CHICAGO OHARE INTL AP
USW00094847,42.2311,-83.3311,MI,DETROIT METRO AP
USW00094849,45.0717,-83.5644,MI,ALPENA CO RGNL AP
USW00094850,46.5311,-87.5483,MI,MARQUETTE
USW00094853,45.7333,-87.0833,MI,ESCANABA DELTA CO AP
USW00094855,43.9872,-88.5564,WI,OSHKOSH WITTMAN RGNL AP
USW00094860,42.8939,-85.5450,MI,GRAND RAPIDS
USW00094868,41.3833,-79.8667,PA,FRANKLIN
USW00094870,40.0325,-88.2756,IL,CHAMPAIGN URBANA WILLARD AP
USW00094871,42.1289,-86.4153,MI,BENTON HARBOR
USW00094889,42.2239,-83.7397,MI,ANN ARBOR MUNI AP
USW00094892,41.8964,-88.2511,IL,CHICAGO W CHICAGO DUPAGE AP
USW00094893,45.8133,-88.1131,MI,IRON MTN FORD AP
USW00094895,40.2344,-85.3936,IN,MUNCIE DELAWARE CO AP
USW00094897,44.1333,-87.6667,WI,MANITOWOC
USW00094898,44.0217,-82.7931,MI,PORT HOPE
USW00094899,47.4675,-87.8750,MI,COPPER HARBOR
USW00094902,44.3000,-96.8000,SD,BROOKINGS
USW00094908,42.3983,-90.7092,IA,DUBUQUE RGNL AP
USW00094910,42.5544,-92.4014,IA,WATERLOO MUNI AP
USW00094911,42.9167,-97.3859,SD,YANKTON CHAN GURNEY MUNI AP
USW00094927,43.6551,-95.5792,MN,WORTHINGTON MUNI AP
USW00094929,46.5467,-90.9183,WI,ASHLAND KENNEDY MEM AP
USW00094931,47.3803,-92.8325,MN,HIBBING CHISHOLM HIBBING AP
USW00094933,42.5500,-94.1833,IA,FT DODGE OZARK AIRLINES
USW00094938,46.4019,-94.1272,MN,BRAINERD CROW WING CO AP
USW00094940,43.9667,-90.7333,WI,SPARTA FT MCCOY
USW00094943,43.7667,-99.3183,SD,CHAMBERLAIN MUNI AP
USW00094946,41.4367,-99.6386,NE,BROKEN BOW MUNI AP
USW00094948,43.6500,-94.4167,MN,FAIRMONT MUNI AP
USW00094949,40.6003,-98.4264,NE,HASTINGS MUNI AP
USW00094950,43.7742,-98.0383,SD,MITCHELL AP
USW00094951,41.4481,-97.3428,NE,COLUMBUS
USW00094957,40.0792,-95.5892,NE,FALLS CITY BRENNER FLD
USW00094958,41.6233,-98.9489,NE,ORD EVELYN SHARP FLD
USW00094960,45.0622,-93.3511,MN,MINNEAPOLIS CRYSTAL AP
USW00094961,48.7261,-94.6122,MN,BAUDETTE INTL AP
USW00094963,44.8322,-93.4706,MN,MINNEAPOLIS FLYING CLOUD AP
USW00094967,46.8997,-95.0669,MN,PARK RAPIDS MUNI AP
USW00094971,43.4008,-94.7478,IA,ESTHERVILLE MUNI AP
USW00094973,46.0303,-91.4425,WI,HAYWARD MUNI AP
USW00094976,44.4500,-95.8167,MN,MARSHALL RYAN FLD
USW00094978,41.7631,-96.1797,NE,TEKAMAH MUNI AP
USW00094982,41.6117,-90.5808,IA,DAVENPORT
USW00094985,44.6378,-90.1875,WI,MARSHFIELD MUNI AP
USW00094988,42.1106,-92.9164,IA,MARSHALLTOWN MUNI AP
USW00094989,41.9906,-93.6186,IA,AMES MUNI AP
USW00094990,43.3892,-99.8433,SD,WINNER WILEY FLD
USW00094991,40.6306,-93.9006,IA,LAMONI MUNI AP
USW00094992,47.7453,-90.3456,MN,GRAND MARAIS
USW00094993,45.6689,-96.9919,SD,SISSETON MUNI AP
USW00094994,43.1561,-90.6775,WI,BOSCOBEL AP
USW00094995,40.8483,-96.5650,NE,LINCOLN 8 ENE
USW00094996,40.6953,-96.8542,NE,LINCOLN 11 SW
USW00096404,62.7369,-141.2083,AK,TOK 70 SE
USW00096405,60.4731,-145.3542,AK,CORDOVA 14 ESE
USW00096406,64.5014,-154.1297,AK,RUBY 44 ESE
USW00096407,66.5620,-159.0036,AK,SELAWIK 28 E
USW00096408,63.4519,-150.8747,AK,DENALI 27 N
USW00096409,68.6483,-149.3986,AK,TOOLIK LAKE 5 ENE
